{"data":[{"Properties":{"domain":"SEQUEL.HTB","name":"SEQUEL-DC-CA@SEQUEL.HTB","distinguishedname":"CN=SEQUEL-DC-CA,CN=AIA,CN=PUBLIC KEY SERVICES,CN=SERVICES,CN=CONFIGURATION,DC=SEQUEL,DC=HTB","domainsid":"S-1-5-21-4078382237-1492182817-2568127209","doesanyacegrantownerrights":false,"doesanyinheritedacegrantownerrights":false,"isaclprotected":false,"whencreated":1668805726,"crosscertificatepair":[],"hascrosscertificatepair":false,"certthumbprint":"A263EA89CAFE503BB33513E359747FD262F91A56","certname":"A263EA89CAFE503BB33513E359747FD262F91A56","certchain":["A263EA89CAFE503BB33513E359747FD262F91A56"],"hasbasicconstraints":false,"basicconstraintpathlength":0},"Aces":[{"PrincipalSID":"S-1-5-21-4078382237-1492182817-2568127209-519","PrincipalType":"Group","RightName":"Owns","IsInherited":false,"InheritanceHash":""},{"PrincipalSID":"SEQUEL.HTB-S-1-5-32-544","PrincipalType":"Group","RightName":"GenericAll","IsInherited":false,"InheritanceHash":""},{"PrincipalSID":"S-1-5-21-4078382237-1492182817-2568127209-512","PrincipalType":"Group","RightName":"GenericAll","IsInherited":false,"InheritanceHash":""},{"PrincipalSID":"S-1-5-21-4078382237-1492182817-2568127209-519","PrincipalType":"Group","RightName":"GenericAll","IsInherited":false,"InheritanceHash":""},{"PrincipalSID":"S-1-5-21-4078382237-1492182817-2568127209-1000","PrincipalType":"Computer","RightName":"GenericAll","IsInherited":false,"InheritanceHash":""},{"PrincipalSID":"S-1-5-21-4078382237-1492182817-2568127209-519","PrincipalType":"Group","RightName":"GenericAll","IsInherited":true,"InheritanceHash":"E8541A78F9F1D539066AF75D3D512123162DAD63"},{"PrincipalSID":"S-1-5-21-4078382237-1492182817-2568127209-512","PrincipalType":"Group","RightName":"WriteDacl","IsInherited":true,"InheritanceHash":"1933E9F5AB942CAF791D2B20FFA13C2A1E0B9DD9"},{"PrincipalSID":"S-1-5-21-4078382237-1492182817-2568127209-512","PrincipalType":"Group","RightName":"WriteOwner","IsInherited":true,"InheritanceHash":"1933E9F5AB942CAF791D2B20FFA13C2A1E0B9DD9"},{"PrincipalSID":"S-1-5-21-4078382237-1492182817-2568127209-512","PrincipalType":"Group","RightName":"GenericWrite","IsInherited":true,"InheritanceHash":"1933E9F5AB942CAF791D2B20FFA13C2A1E0B9DD9"}],"ObjectIdentifier":"E4499331-8083-4819-82A6-C78F67EA0A62","IsDeleted":false,"IsACLProtected":false,"ContainedBy":{"ObjectIdentifier":"B3B0E0FC-D930-4CE7-B72F-0C32C4D1B5CD","ObjectType":"Container"}}],"meta":{"methods":7107563,"type":"aiacas","count":1,"version":6,"collectorversion":"2.6.5.0"}}