{"data":[{"Properties":{"domain":"SEQUEL.HTB","name":"DC.SEQUEL.HTB","distinguishedname":"CN=DC,OU=DOMAIN CONTROLLERS,DC=SEQUEL,DC=HTB","domainsid":"S-1-5-21-4078382237-1492182817-2568127209","samaccountname":"DC$","haslaps":false,"doesanyacegrantownerrights":false,"doesanyinheritedacegrantownerrights":false,"isaclprotected":false,"whencreated":1668791529,"enabled":true,"unconstraineddelegation":true,"trustedtoauth":false,"isdc":true,"encryptedtextpwdallowed":false,"usedeskeyonly":false,"logonscriptenabled":false,"lockedout":false,"passwordexpired":false,"supportedencryptiontypes":["RC4-HMAC-MD5","AES128-CTS-HMAC-SHA1-96","AES256-CTS-HMAC-SHA1-96"],"lastlogon":1766266131,"lastlogontimestamp":1766122150,"pwdlastset":1766229222,"serviceprincipalnames":["Dfsr-12F9A27C-BF97-4787-9364-D31B6C55EB04/dc.sequel.htb","ldap/dc.sequel.htb/ForestDnsZones.sequel.htb","ldap/dc.sequel.htb/DomainDnsZones.sequel.htb","DNS/dc.sequel.htb","GC/dc.sequel.htb/sequel.htb","RestrictedKrbHost/dc.sequel.htb","RestrictedKrbHost/DC","RPC/e758bd70-a92f-4f87-96f4-522f614c2fee._msdcs.sequel.htb","HOST/DC/sequel","HOST/dc.sequel.htb/sequel","HOST/DC","HOST/dc.sequel.htb","HOST/dc.sequel.htb/sequel.htb","E3514235-4B06-11D1-AB04-00C04FC2DCD2/e758bd70-a92f-4f87-96f4-522f614c2fee/sequel.htb","ldap/DC/sequel","ldap/e758bd70-a92f-4f87-96f4-522f614c2fee._msdcs.sequel.htb","ldap/dc.sequel.htb/sequel","ldap/DC","ldap/dc.sequel.htb","ldap/dc.sequel.htb/sequel.htb"],"email":null,"useraccountcontrol":532480,"operatingsystem":"Windows Server 2019 Standard","sidhistory":[],"ldapavailable":true,"ldapsavailable":true,"ldapsepa":true,"ldapsigning":true},"PrimaryGroupSID":"S-1-5-21-4078382237-1492182817-2568127209-516","AllowedToDelegate":[],"AllowedToAct":[],"HasSIDHistory":[],"DumpSMSAPassword":[],"Sessions":{"Results":[],"Collected":false,"FailureReason":"ErrorAccessDenied"},"PrivilegedSessions":{"Results":[],"Collected":false,"FailureReason":null},"RegistrySessions":{"Results":[],"Collected":false,"FailureReason":null},"LocalGroups":[{"ObjectIdentifier":"SEQUEL.HTB-S-1-5-32-549","Name":"IGNOREME","Results":[],"LocalNames":[],"Collected":true,"FailureReason":null},{"ObjectIdentifier":"SEQUEL.HTB-S-1-5-32-548","Name":"IGNOREME","Results":[],"LocalNames":[],"Collected":true,"FailureReason":null},{"ObjectIdentifier":"SEQUEL.HTB-S-1-5-32-554","Name":"IGNOREME","Results":[{"ObjectIdentifier":"SEQUEL.HTB-S-1-5-11","ObjectType":"Group"},{"ObjectIdentifier":"S-1-5-21-4078382237-1492182817-2568127209-1000","ObjectType":"Computer"}],"LocalNames":[],"Collected":true,"FailureReason":null},{"ObjectIdentifier":"SEQUEL.HTB-S-1-5-32-557","Name":"IGNOREME","Results":[],"LocalNames":[],"Collected":true,"FailureReason":null},{"ObjectIdentifier":"SEQUEL.HTB-S-1-5-32-560","Name":"IGNOREME","Results":[{"ObjectIdentifier":"SEQUEL.HTB-S-1-5-9","ObjectType":"Group"}],"LocalNames":[],"Collected":true,"FailureReason":null},{"ObjectIdentifier":"SEQUEL.HTB-S-1-5-32-561","Name":"IGNOREME","Results":[],"LocalNames":[],"Collected":true,"FailureReason":null},{"ObjectIdentifier":"SEQUEL.HTB-S-1-5-32-544","Name":"IGNOREME","Results":[{"ObjectIdentifier":"S-1-5-21-4078382237-1492182817-2568127209-500","ObjectType":"User"},{"ObjectIdentifier":"S-1-5-21-4078382237-1492182817-2568127209-519","ObjectType":"Group"},{"ObjectIdentifier":"S-1-5-21-4078382237-1492182817-2568127209-512","ObjectType":"Group"}],"LocalNames":[],"Collected":true,"FailureReason":null},{"ObjectIdentifier":"SEQUEL.HTB-S-1-5-32-545","Name":"IGNOREME","Results":[{"ObjectIdentifier":"SEQUEL.HTB-S-1-5-11","ObjectType":"Group"},{"ObjectIdentifier":"S-1-5-21-4078382237-1492182817-2568127209-513","ObjectType":"Group"}],"LocalNames":[],"Collected":true,"FailureReason":null},{"ObjectIdentifier":"SEQUEL.HTB-S-1-5-32-546","Name":"IGNOREME","Results":[{"ObjectIdentifier":"S-1-5-21-4078382237-1492182817-2568127209-501","ObjectType":"User"},{"ObjectIdentifier":"S-1-5-21-4078382237-1492182817-2568127209-514","ObjectType":"Group"}],"LocalNames":[],"Collected":true,"FailureReason":null},{"ObjectIdentifier":"SEQUEL.HTB-S-1-5-32-550","Name":"IGNOREME","Results":[],"LocalNames":[],"Collected":true,"FailureReason":null},{"ObjectIdentifier":"SEQUEL.HTB-S-1-5-32-551","Name":"IGNOREME","Results":[],"LocalNames":[],"Collected":true,"FailureReason":null},{"ObjectIdentifier":"SEQUEL.HTB-S-1-5-32-552","Name":"IGNOREME","Results":[],"LocalNames":[],"Collected":true,"FailureReason":null},{"ObjectIdentifier":"SEQUEL.HTB-S-1-5-32-555","Name":"IGNOREME","Results":[],"LocalNames":[],"Collected":true,"FailureReason":null},{"ObjectIdentifier":"SEQUEL.HTB-S-1-5-32-556","Name":"IGNOREME","Results":[],"LocalNames":[],"Collected":true,"FailureReason":null},{"ObjectIdentifier":"SEQUEL.HTB-S-1-5-32-558","Name":"IGNOREME","Results":[],"LocalNames":[],"Collected":true,"FailureReason":null},{"ObjectIdentifier":"SEQUEL.HTB-S-1-5-32-559","Name":"IGNOREME","Results":[],"LocalNames":[],"Collected":true,"FailureReason":null},{"ObjectIdentifier":"SEQUEL.HTB-S-1-5-32-562","Name":"IGNOREME","Results":[],"LocalNames":[],"Collected":true,"FailureReason":null},{"ObjectIdentifier":"SEQUEL.HTB-S-1-5-32-568","Name":"IGNOREME","Results":[{"ObjectIdentifier":"SEQUEL.HTB-S-1-5-17","ObjectType":"User"}],"LocalNames":[],"Collected":true,"FailureReason":null},{"ObjectIdentifier":"SEQUEL.HTB-S-1-5-32-569","Name":"IGNOREME","Results":[],"LocalNames":[],"Collected":true,"FailureReason":null},{"ObjectIdentifier":"SEQUEL.HTB-S-1-5-32-573","Name":"IGNOREME","Results":[],"LocalNames":[],"Collected":true,"FailureReason":null},{"ObjectIdentifier":"SEQUEL.HTB-S-1-5-32-574","Name":"IGNOREME","Results":[{"ObjectIdentifier":"SEQUEL.HTB-S-1-5-11","ObjectType":"Group"}],"LocalNames":[],"Collected":true,"FailureReason":null},{"ObjectIdentifier":"SEQUEL.HTB-S-1-5-32-575","Name":"IGNOREME","Results":[],"LocalNames":[],"Collected":true,"FailureReason":null},{"ObjectIdentifier":"SEQUEL.HTB-S-1-5-32-576","Name":"IGNOREME","Results":[],"LocalNames":[],"Collected":true,"FailureReason":null},{"ObjectIdentifier":"SEQUEL.HTB-S-1-5-32-577","Name":"IGNOREME","Results":[],"LocalNames":[],"Collected":true,"FailureReason":null},{"ObjectIdentifier":"SEQUEL.HTB-S-1-5-32-578","Name":"IGNOREME","Results":[],"LocalNames":[],"Collected":true,"FailureReason":null},{"ObjectIdentifier":"SEQUEL.HTB-S-1-5-32-579","Name":"IGNOREME","Results":[],"LocalNames":[],"Collected":true,"FailureReason":null},{"ObjectIdentifier":"SEQUEL.HTB-S-1-5-32-580","Name":"IGNOREME","Results":[{"ObjectIdentifier":"S-1-5-21-4078382237-1492182817-2568127209-1105","ObjectType":"User"},{"ObjectIdentifier":"S-1-5-21-4078382237-1492182817-2568127209-1106","ObjectType":"User"}],"LocalNames":[],"Collected":true,"FailureReason":null},{"ObjectIdentifier":"SEQUEL.HTB-S-1-5-32-582","Name":"IGNOREME","Results":[],"LocalNames":[],"Collected":true,"FailureReason":null}],"UserRights":[],"DCRegistryData":{"CertificateMappingMethods":null,"StrongCertificateBindingEnforcement":null},"Status":null,"IsDC":true,"UnconstrainedDelegation":true,"DomainSID":"S-1-5-21-4078382237-1492182817-2568127209","IsWebClientRunning":{"Result":false,"Collected":true,"FailureReason":null},"SmbInfo":{"Result":{"SigningEnabled":true},"Collected":true,"FailureReason":null},"NtlmSessions":null,"NTLMRegistryData":null,"Aces":[{"PrincipalSID":"S-1-5-21-4078382237-1492182817-2568127209-512","PrincipalType":"Group","RightName":"Owns","IsInherited":false,"InheritanceHash":""},{"PrincipalSID":"S-1-5-21-4078382237-1492182817-2568127209-512","PrincipalType":"Group","RightName":"GenericAll","IsInherited":false,"InheritanceHash":""},{"PrincipalSID":"S-1-5-21-4078382237-1492182817-2568127209-512","PrincipalType":"Group","RightName":"WriteAccountRestrictions","IsInherited":false,"InheritanceHash":""},{"PrincipalSID":"S-1-5-21-4078382237-1492182817-2568127209-526","PrincipalType":"Group","RightName":"AddKeyCredentialLink","IsInherited":true,"InheritanceHash":"161C31D1C02E9F6C9B22413EC4CB864B98FC8F6F"},{"PrincipalSID":"S-1-5-21-4078382237-1492182817-2568127209-527","PrincipalType":"Group","RightName":"AddKeyCredentialLink","IsInherited":true,"InheritanceHash":"2D6DF6435E2B074DCBDCF51CD5699B767DC44502"},{"PrincipalSID":"S-1-5-21-4078382237-1492182817-2568127209-519","PrincipalType":"Group","RightName":"GenericAll","IsInherited":true,"InheritanceHash":"E8541A78F9F1D539066AF75D3D512123162DAD63"},{"PrincipalSID":"SEQUEL.HTB-S-1-5-32-544","PrincipalType":"Group","RightName":"WriteDacl","IsInherited":true,"InheritanceHash":"62C26D4FB3FF64505B03CDD35D648DFBC6C157CC"},{"PrincipalSID":"SEQUEL.HTB-S-1-5-32-544","PrincipalType":"Group","RightName":"WriteOwner","IsInherited":true,"InheritanceHash":"62C26D4FB3FF64505B03CDD35D648DFBC6C157CC"},{"PrincipalSID":"SEQUEL.HTB-S-1-5-32-544","PrincipalType":"Group","RightName":"GenericWrite","IsInherited":true,"InheritanceHash":"62C26D4FB3FF64505B03CDD35D648DFBC6C157CC"}],"ObjectIdentifier":"S-1-5-21-4078382237-1492182817-2568127209-1000","IsDeleted":false,"IsACLProtected":false,"ContainedBy":{"ObjectIdentifier":"01A15BC9-56FE-4762-9941-31804872E03A","ObjectType":"OU"}}],"meta":{"methods":7107563,"type":"computers","count":1,"version":6,"collectorversion":"2.6.5.0"}}