{"data":[{"Properties":{"domain":"SEQUEL.HTB","name":"SEQUEL-DC-CA@SEQUEL.HTB","distinguishedname":"CN=SEQUEL-DC-CA,CN=CERTIFICATION AUTHORITIES,CN=PUBLIC KEY SERVICES,CN=SERVICES,CN=CONFIGURATION,DC=SEQUEL,DC=HTB","domainsid":"S-1-5-21-4078382237-1492182817-2568127209","doesanyacegrantownerrights":false,"doesanyinheritedacegrantownerrights":false,"isaclprotected":false,"whencreated":1668805726,"certthumbprint":"A263EA89CAFE503BB33513E359747FD262F91A56","certname":"A263EA89CAFE503BB33513E359747FD262F91A56","certchain":["A263EA89CAFE503BB33513E359747FD262F91A56"],"hasbasicconstraints":false,"basicconstraintpathlength":0},"DomainSID":"S-1-5-21-4078382237-1492182817-2568127209","Aces":[{"PrincipalSID":"S-1-5-21-4078382237-1492182817-2568127209-519","PrincipalType":"Group","RightName":"Owns","IsInherited":false,"InheritanceHash":""},{"PrincipalSID":"SEQUEL.HTB-S-1-5-32-544","PrincipalType":"Group","RightName":"GenericAll","IsInherited":false,"InheritanceHash":""},{"PrincipalSID":"S-1-5-21-4078382237-1492182817-2568127209-512","PrincipalType":"Group","RightName":"GenericAll","IsInherited":false,"InheritanceHash":""},{"PrincipalSID":"S-1-5-21-4078382237-1492182817-2568127209-517","PrincipalType":"Group","RightName":"GenericAll","IsInherited":false,"InheritanceHash":""},{"PrincipalSID":"S-1-5-21-4078382237-1492182817-2568127209-519","PrincipalType":"Group","RightName":"GenericAll","IsInherited":false,"InheritanceHash":""},{"PrincipalSID":"S-1-5-21-4078382237-1492182817-2568127209-519","PrincipalType":"Group","RightName":"GenericAll","IsInherited":true,"InheritanceHash":"E8541A78F9F1D539066AF75D3D512123162DAD63"},{"PrincipalSID":"S-1-5-21-4078382237-1492182817-2568127209-512","PrincipalType":"Group","RightName":"WriteDacl","IsInherited":true,"InheritanceHash":"1933E9F5AB942CAF791D2B20FFA13C2A1E0B9DD9"},{"PrincipalSID":"S-1-5-21-4078382237-1492182817-2568127209-512","PrincipalType":"Group","RightName":"WriteOwner","IsInherited":true,"InheritanceHash":"1933E9F5AB942CAF791D2B20FFA13C2A1E0B9DD9"},{"PrincipalSID":"S-1-5-21-4078382237-1492182817-2568127209-512","PrincipalType":"Group","RightName":"GenericWrite","IsInherited":true,"InheritanceHash":"1933E9F5AB942CAF791D2B20FFA13C2A1E0B9DD9"}],"ObjectIdentifier":"42EB28E9-C726-4195-8900-EAC6FA41E7A7","IsDeleted":false,"IsACLProtected":false,"ContainedBy":{"ObjectIdentifier":"A4DF3705-2F84-483D-AF40-494CF17351AC","ObjectType":"Container"}}],"meta":{"methods":7107563,"type":"rootcas","count":1,"version":6,"collectorversion":"2.6.5.0"}}