{"data":[{"Properties":{"domain":"SEQUEL.HTB","name":"SEQUEL-DC-CA@SEQUEL.HTB","distinguishedname":"CN=SEQUEL-DC-CA,CN=ENROLLMENT SERVICES,CN=PUBLIC KEY SERVICES,CN=SERVICES,CN=CONFIGURATION,DC=SEQUEL,DC=HTB","domainsid":"S-1-5-21-4078382237-1492182817-2568127209","doesanyacegrantownerrights":false,"doesanyinheritedacegrantownerrights":false,"isaclprotected":false,"whencreated":1668805726,"flags":"SUPPORTS_NT_AUTHENTICATION, CA_SERVERTYPE_ADVANCED","caname":"sequel-DC-CA","dnshostname":"dc.sequel.htb","certthumbprint":"A263EA89CAFE503BB33513E359747FD262F91A56","certname":"A263EA89CAFE503BB33513E359747FD262F91A56","certchain":["A263EA89CAFE503BB33513E359747FD262F91A56"],"hasbasicconstraints":false,"basicconstraintpathlength":0,"unresolvedpublishedtemplates":[]},"HostingComputer":"S-1-5-21-4078382237-1492182817-2568127209-1000","CARegistryData":null,"EnabledCertTemplates":[{"ObjectIdentifier":"DFC5640A-1A39-4501-B830-1B6796AB09A1","ObjectType":"CertTemplate"},{"ObjectIdentifier":"4E6EE1DC-4860-46D2-8B9D-829EC8B6992A","ObjectType":"CertTemplate"},{"ObjectIdentifier":"6054AAD9-3A18-414E-B324-026B82F5165E","ObjectType":"CertTemplate"},{"ObjectIdentifier":"31BA6D80-CFBF-4162-94C4-0BEFC9815365","ObjectType":"CertTemplate"},{"ObjectIdentifier":"1C6EB208-3D79-41B9-9B04-309A84130141","ObjectType":"CertTemplate"},{"ObjectIdentifier":"A854CC3F-F1FF-4B7D-919F-E4528E994F09","ObjectType":"CertTemplate"},{"ObjectIdentifier":"D6A46FB4-326B-459C-9E60-724C554FA553","ObjectType":"CertTemplate"},{"ObjectIdentifier":"9009608C-E5CA-4177-A782-52B49B7BA0B3","ObjectType":"CertTemplate"},{"ObjectIdentifier":"B1F081CB-3674-41B8-9096-D7C915BB9939","ObjectType":"CertTemplate"},{"ObjectIdentifier":"42D6E83E-CA0D-4FBE-A6CF-CA0EDDB132AE","ObjectType":"CertTemplate"},{"ObjectIdentifier":"3AFC86F5-3549-41DC-AD9D-090CB441FAF5","ObjectType":"CertTemplate"},{"ObjectIdentifier":"EE8EDB1E-4324-4A65-8F14-F90B60D5133C","ObjectType":"CertTemplate"}],"HttpEnrollmentEndpoints":[{"Result":{"Url":"http://dc.sequel.htb/certsrv/","Type":"WebEnrollmentApplication","Status":"NotVulnerable_PortInaccessible","ADCSWebEnrollmentHTTP":false,"ADCSWebEnrollmentHTTPS":false,"ADCSWebEnrollmentEPA":false},"Collected":true,"FailureReason":null},{"Result":{"Url":"https://dc.sequel.htb/certsrv/","Type":"WebEnrollmentApplication","Status":"NotVulnerable_PortInaccessible","ADCSWebEnrollmentHTTP":false,"ADCSWebEnrollmentHTTPS":false,"ADCSWebEnrollmentEPA":false},"Collected":true,"FailureReason":null},{"Result":{"Url":"http://dc.sequel.htb/sequel-DC-CA_CES_Kerberos/service.svc","Type":"EnrollmentWebService","Status":"NotVulnerable_PortInaccessible","ADCSWebEnrollmentHTTP":false,"ADCSWebEnrollmentHTTPS":false,"ADCSWebEnrollmentEPA":false},"Collected":true,"FailureReason":null},{"Result":{"Url":"https://dc.sequel.htb/sequel-DC-CA_CES_Kerberos/service.svc","Type":"EnrollmentWebService","Status":"NotVulnerable_PortInaccessible","ADCSWebEnrollmentHTTP":false,"ADCSWebEnrollmentHTTPS":false,"ADCSWebEnrollmentEPA":false},"Collected":true,"FailureReason":null}],"Aces":[{"PrincipalSID":"S-1-5-21-4078382237-1492182817-2568127209-519","PrincipalType":"Group","RightName":"Owns","IsInherited":false,"InheritanceHash":""},{"PrincipalSID":"S-1-5-21-4078382237-1492182817-2568127209-519","PrincipalType":"Group","RightName":"WriteDacl","IsInherited":false,"InheritanceHash":""},{"PrincipalSID":"S-1-5-21-4078382237-1492182817-2568127209-519","PrincipalType":"Group","RightName":"WriteOwner","IsInherited":false,"InheritanceHash":""},{"PrincipalSID":"S-1-5-21-4078382237-1492182817-2568127209-519","PrincipalType":"Group","RightName":"GenericWrite","IsInherited":false,"InheritanceHash":""},{"PrincipalSID":"S-1-5-21-4078382237-1492182817-2568127209-519","PrincipalType":"Group","RightName":"ManageCA","IsInherited":false,"InheritanceHash":""},{"PrincipalSID":"S-1-5-21-4078382237-1492182817-2568127209-519","PrincipalType":"Group","RightName":"ManageCertificates","IsInherited":false,"InheritanceHash":""},{"PrincipalSID":"S-1-5-21-4078382237-1492182817-2568127209-1000","PrincipalType":"Computer","RightName":"WriteDacl","IsInherited":false,"InheritanceHash":""},{"PrincipalSID":"S-1-5-21-4078382237-1492182817-2568127209-1000","PrincipalType":"Computer","RightName":"WriteOwner","IsInherited":false,"InheritanceHash":""},{"PrincipalSID":"S-1-5-21-4078382237-1492182817-2568127209-1000","PrincipalType":"Computer","RightName":"GenericWrite","IsInherited":false,"InheritanceHash":""},{"PrincipalSID":"S-1-5-21-4078382237-1492182817-2568127209-1000","PrincipalType":"Computer","RightName":"ManageCA","IsInherited":false,"InheritanceHash":""},{"PrincipalSID":"S-1-5-21-4078382237-1492182817-2568127209-1000","PrincipalType":"Computer","RightName":"ManageCertificates","IsInherited":false,"InheritanceHash":""},{"PrincipalSID":"SEQUEL.HTB-S-1-5-11","PrincipalType":"Group","RightName":"Enroll","IsInherited":false,"InheritanceHash":""},{"PrincipalSID":"S-1-5-21-4078382237-1492182817-2568127209-519","PrincipalType":"Group","RightName":"GenericAll","IsInherited":true,"InheritanceHash":"E8541A78F9F1D539066AF75D3D512123162DAD63"},{"PrincipalSID":"S-1-5-21-4078382237-1492182817-2568127209-512","PrincipalType":"Group","RightName":"WriteDacl","IsInherited":true,"InheritanceHash":"1933E9F5AB942CAF791D2B20FFA13C2A1E0B9DD9"},{"PrincipalSID":"S-1-5-21-4078382237-1492182817-2568127209-512","PrincipalType":"Group","RightName":"WriteOwner","IsInherited":true,"InheritanceHash":"1933E9F5AB942CAF791D2B20FFA13C2A1E0B9DD9"},{"PrincipalSID":"S-1-5-21-4078382237-1492182817-2568127209-512","PrincipalType":"Group","RightName":"GenericWrite","IsInherited":true,"InheritanceHash":"1933E9F5AB942CAF791D2B20FFA13C2A1E0B9DD9"},{"PrincipalSID":"S-1-5-21-4078382237-1492182817-2568127209-512","PrincipalType":"Group","RightName":"ManageCA","IsInherited":true,"InheritanceHash":"1933E9F5AB942CAF791D2B20FFA13C2A1E0B9DD9"}],"ObjectIdentifier":"DA698C63-4B2D-4CA1-9A5A-F89F1F067CCE","IsDeleted":false,"IsACLProtected":false,"ContainedBy":{"ObjectIdentifier":"5D10FEDD-279E-4103-BC84-79410451D190","ObjectType":"Container"}}],"meta":{"methods":7107563,"type":"enterprisecas","count":1,"version":6,"collectorversion":"2.6.5.0"}}