{"data":[{"Properties":{"domain":"SEQUEL.HTB","name":"ADMINISTRATOR@SEQUEL.HTB","distinguishedname":"CN=ADMINISTRATOR,CN=USERS,DC=SEQUEL,DC=HTB","domainsid":"S-1-5-21-4078382237-1492182817-2568127209","samaccountname":"Administrator","doesanyacegrantownerrights":false,"doesanyinheritedacegrantownerrights":false,"isaclprotected":true,"description":"Built-in account for administering the computer/domain","whencreated":1668791511,"sensitive":true,"dontreqpreauth":false,"passwordnotreqd":false,"unconstraineddelegation":false,"pwdneverexpires":true,"enabled":true,"trustedtoauth":false,"smartcardrequired":false,"encryptedtextpwdallowed":false,"usedeskeyonly":false,"logonscriptenabled":false,"lockedout":false,"passwordcantchange":false,"passwordexpired":false,"lastlogon":1766122172,"lastlogontimestamp":1766122152,"pwdlastset":1668805996,"serviceprincipalnames":[],"hasspn":false,"displayname":null,"email":null,"title":null,"homedirectory":null,"userpassword":null,"unixpassword":null,"unicodepassword":null,"sfupassword":null,"logonscript":null,"useraccountcontrol":1114624,"profilepath":null,"admincount":true,"supportedencryptiontypes":null,"sidhistory":[]},"AllowedToDelegate":[],"PrimaryGroupSID":"S-1-5-21-4078382237-1492182817-2568127209-513","HasSIDHistory":[],"SPNTargets":[],"UnconstrainedDelegation":false,"DomainSID":"S-1-5-21-4078382237-1492182817-2568127209","Aces":[{"PrincipalSID":"S-1-5-21-4078382237-1492182817-2568127209-512","PrincipalType":"Group","RightName":"Owns","IsInherited":false,"InheritanceHash":""},{"PrincipalSID":"SEQUEL.HTB-S-1-5-32-544","PrincipalType":"Group","RightName":"WriteDacl","IsInherited":false,"InheritanceHash":""},{"PrincipalSID":"SEQUEL.HTB-S-1-5-32-544","PrincipalType":"Group","RightName":"WriteOwner","IsInherited":false,"InheritanceHash":""},{"PrincipalSID":"SEQUEL.HTB-S-1-5-32-544","PrincipalType":"Group","RightName":"AllExtendedRights","IsInherited":false,"InheritanceHash":""},{"PrincipalSID":"SEQUEL.HTB-S-1-5-32-544","PrincipalType":"Group","RightName":"GenericWrite","IsInherited":false,"InheritanceHash":""},{"PrincipalSID":"S-1-5-21-4078382237-1492182817-2568127209-512","PrincipalType":"Group","RightName":"WriteDacl","IsInherited":false,"InheritanceHash":""},{"PrincipalSID":"S-1-5-21-4078382237-1492182817-2568127209-512","PrincipalType":"Group","RightName":"WriteOwner","IsInherited":false,"InheritanceHash":""},{"PrincipalSID":"S-1-5-21-4078382237-1492182817-2568127209-512","PrincipalType":"Group","RightName":"AllExtendedRights","IsInherited":false,"InheritanceHash":""},{"PrincipalSID":"S-1-5-21-4078382237-1492182817-2568127209-512","PrincipalType":"Group","RightName":"GenericWrite","IsInherited":false,"InheritanceHash":""},{"PrincipalSID":"S-1-5-21-4078382237-1492182817-2568127209-519","PrincipalType":"Group","RightName":"WriteDacl","IsInherited":false,"InheritanceHash":""},{"PrincipalSID":"S-1-5-21-4078382237-1492182817-2568127209-519","PrincipalType":"Group","RightName":"WriteOwner","IsInherited":false,"InheritanceHash":""},{"PrincipalSID":"S-1-5-21-4078382237-1492182817-2568127209-519","PrincipalType":"Group","RightName":"AllExtendedRights","IsInherited":false,"InheritanceHash":""},{"PrincipalSID":"S-1-5-21-4078382237-1492182817-2568127209-519","PrincipalType":"Group","RightName":"GenericWrite","IsInherited":false,"InheritanceHash":""}],"ObjectIdentifier":"S-1-5-21-4078382237-1492182817-2568127209-500","IsDeleted":false,"IsACLProtected":true,"ContainedBy":{"ObjectIdentifier":"69833178-7DB0-4D0A-BCF5-CB5549F87274","ObjectType":"Container"}},{"Properties":{"domain":"SEQUEL.HTB","name":"KRBTGT@SEQUEL.HTB","distinguishedname":"CN=KRBTGT,CN=USERS,DC=SEQUEL,DC=HTB","domainsid":"S-1-5-21-4078382237-1492182817-2568127209","samaccountname":"krbtgt","doesanyacegrantownerrights":false,"doesanyinheritedacegrantownerrights":false,"isaclprotected":true,"description":"Key Distribution Center Service Account","whencreated":1668791530,"sensitive":false,"dontreqpreauth":false,"passwordnotreqd":false,"unconstraineddelegation":false,"pwdneverexpires":false,"enabled":false,"trustedtoauth":false,"smartcardrequired":false,"encryptedtextpwdallowed":false,"usedeskeyonly":false,"logonscriptenabled":false,"lockedout":false,"passwordcantchange":false,"passwordexpired":false,"lastlogon":0,"lastlogontimestamp":-1,"pwdlastset":1668791530,"serviceprincipalnames":["kadmin/changepw"],"hasspn":true,"displayname":null,"email":null,"title":null,"homedirectory":null,"userpassword":null,"unixpassword":null,"unicodepassword":null,"sfupassword":null,"logonscript":null,"useraccountcontrol":514,"profilepath":null,"admincount":true,"supportedencryptiontypes":["Not defined"],"sidhistory":[]},"AllowedToDelegate":[],"PrimaryGroupSID":"S-1-5-21-4078382237-1492182817-2568127209-513","HasSIDHistory":[],"SPNTargets":[],"UnconstrainedDelegation":false,"DomainSID":"S-1-5-21-4078382237-1492182817-2568127209","Aces":[{"PrincipalSID":"S-1-5-21-4078382237-1492182817-2568127209-512","PrincipalType":"Group","RightName":"Owns","IsInherited":false,"InheritanceHash":""},{"PrincipalSID":"SEQUEL.HTB-S-1-5-32-544","PrincipalType":"Group","RightName":"WriteDacl","IsInherited":false,"InheritanceHash":""},{"PrincipalSID":"SEQUEL.HTB-S-1-5-32-544","PrincipalType":"Group","RightName":"WriteOwner","IsInherited":false,"InheritanceHash":""},{"PrincipalSID":"SEQUEL.HTB-S-1-5-32-544","PrincipalType":"Group","RightName":"AllExtendedRights","IsInherited":false,"InheritanceHash":""},{"PrincipalSID":"SEQUEL.HTB-S-1-5-32-544","PrincipalType":"Group","RightName":"GenericWrite","IsInherited":false,"InheritanceHash":""},{"PrincipalSID":"S-1-5-21-4078382237-1492182817-2568127209-512","PrincipalType":"Group","RightName":"WriteDacl","IsInherited":false,"InheritanceHash":""},{"PrincipalSID":"S-1-5-21-4078382237-1492182817-2568127209-512","PrincipalType":"Group","RightName":"WriteOwner","IsInherited":false,"InheritanceHash":""},{"PrincipalSID":"S-1-5-21-4078382237-1492182817-2568127209-512","PrincipalType":"Group","RightName":"AllExtendedRights","IsInherited":false,"InheritanceHash":""},{"PrincipalSID":"S-1-5-21-4078382237-1492182817-2568127209-512","PrincipalType":"Group","RightName":"GenericWrite","IsInherited":false,"InheritanceHash":""},{"PrincipalSID":"S-1-5-21-4078382237-1492182817-2568127209-519","PrincipalType":"Group","RightName":"WriteDacl","IsInherited":false,"InheritanceHash":""},{"PrincipalSID":"S-1-5-21-4078382237-1492182817-2568127209-519","PrincipalType":"Group","RightName":"WriteOwner","IsInherited":false,"InheritanceHash":""},{"PrincipalSID":"S-1-5-21-4078382237-1492182817-2568127209-519","PrincipalType":"Group","RightName":"AllExtendedRights","IsInherited":false,"InheritanceHash":""},{"PrincipalSID":"S-1-5-21-4078382237-1492182817-2568127209-519","PrincipalType":"Group","RightName":"GenericWrite","IsInherited":false,"InheritanceHash":""}],"ObjectIdentifier":"S-1-5-21-4078382237-1492182817-2568127209-502","IsDeleted":false,"IsACLProtected":true,"ContainedBy":{"ObjectIdentifier":"69833178-7DB0-4D0A-BCF5-CB5549F87274","ObjectType":"Container"}},{"Properties":{"domain":"SEQUEL.HTB","name":"TOM.HENN@SEQUEL.HTB","distinguishedname":"CN=TOM.HENN,CN=USERS,DC=SEQUEL,DC=HTB","domainsid":"S-1-5-21-4078382237-1492182817-2568127209","samaccountname":"Tom.Henn","doesanyacegrantownerrights":false,"doesanyinheritedacegrantownerrights":false,"isaclprotected":false,"whencreated":1668805992,"sensitive":false,"dontreqpreauth":false,"passwordnotreqd":false,"unconstraineddelegation":false,"pwdneverexpires":true,"enabled":true,"trustedtoauth":false,"smartcardrequired":false,"encryptedtextpwdallowed":false,"usedeskeyonly":false,"logonscriptenabled":false,"lockedout":false,"passwordcantchange":false,"passwordexpired":false,"lastlogon":0,"lastlogontimestamp":-1,"pwdlastset":1668805992,"serviceprincipalnames":[],"hasspn":false,"displayname":null,"email":null,"title":null,"homedirectory":null,"userpassword":null,"unixpassword":null,"unicodepassword":null,"sfupassword":null,"logonscript":null,"useraccountcontrol":66048,"profilepath":null,"admincount":false,"supportedencryptiontypes":null,"sidhistory":[]},"AllowedToDelegate":[],"PrimaryGroupSID":"S-1-5-21-4078382237-1492182817-2568127209-513","HasSIDHistory":[],"SPNTargets":[],"UnconstrainedDelegation":false,"DomainSID":"S-1-5-21-4078382237-1492182817-2568127209","Aces":[{"PrincipalSID":"S-1-5-21-4078382237-1492182817-2568127209-512","PrincipalType":"Group","RightName":"Owns","IsInherited":false,"InheritanceHash":""},{"PrincipalSID":"SEQUEL.HTB-S-1-5-32-548","PrincipalType":"Group","RightName":"GenericAll","IsInherited":false,"InheritanceHash":""},{"PrincipalSID":"S-1-5-21-4078382237-1492182817-2568127209-512","PrincipalType":"Group","RightName":"GenericAll","IsInherited":false,"InheritanceHash":""},{"PrincipalSID":"S-1-5-21-4078382237-1492182817-2568127209-526","PrincipalType":"Group","RightName":"AddKeyCredentialLink","IsInherited":true,"InheritanceHash":"161C31D1C02E9F6C9B22413EC4CB864B98FC8F6F"},{"PrincipalSID":"S-1-5-21-4078382237-1492182817-2568127209-527","PrincipalType":"Group","RightName":"AddKeyCredentialLink","IsInherited":true,"InheritanceHash":"2D6DF6435E2B074DCBDCF51CD5699B767DC44502"},{"PrincipalSID":"S-1-5-21-4078382237-1492182817-2568127209-519","PrincipalType":"Group","RightName":"GenericAll","IsInherited":true,"InheritanceHash":"E8541A78F9F1D539066AF75D3D512123162DAD63"},{"PrincipalSID":"SEQUEL.HTB-S-1-5-32-544","PrincipalType":"Group","RightName":"WriteDacl","IsInherited":true,"InheritanceHash":"62C26D4FB3FF64505B03CDD35D648DFBC6C157CC"},{"PrincipalSID":"SEQUEL.HTB-S-1-5-32-544","PrincipalType":"Group","RightName":"WriteOwner","IsInherited":true,"InheritanceHash":"62C26D4FB3FF64505B03CDD35D648DFBC6C157CC"},{"PrincipalSID":"SEQUEL.HTB-S-1-5-32-544","PrincipalType":"Group","RightName":"AllExtendedRights","IsInherited":true,"InheritanceHash":"62C26D4FB3FF64505B03CDD35D648DFBC6C157CC"},{"PrincipalSID":"SEQUEL.HTB-S-1-5-32-544","PrincipalType":"Group","RightName":"GenericWrite","IsInherited":true,"InheritanceHash":"62C26D4FB3FF64505B03CDD35D648DFBC6C157CC"}],"ObjectIdentifier":"S-1-5-21-4078382237-1492182817-2568127209-1103","IsDeleted":false,"IsACLProtected":false,"ContainedBy":{"ObjectIdentifier":"69833178-7DB0-4D0A-BCF5-CB5549F87274","ObjectType":"Container"}},{"Properties":{"domain":"SEQUEL.HTB","name":"BRANDON.BROWN@SEQUEL.HTB","distinguishedname":"CN=BRANDON.BROWN,CN=USERS,DC=SEQUEL,DC=HTB","domainsid":"S-1-5-21-4078382237-1492182817-2568127209","samaccountname":"Brandon.Brown","doesanyacegrantownerrights":false,"doesanyinheritedacegrantownerrights":false,"isaclprotected":false,"whencreated":1668805993,"sensitive":false,"dontreqpreauth":false,"passwordnotreqd":false,"unconstraineddelegation":false,"pwdneverexpires":true,"enabled":true,"trustedtoauth":false,"smartcardrequired":false,"encryptedtextpwdallowed":false,"usedeskeyonly":false,"logonscriptenabled":false,"lockedout":false,"passwordcantchange":false,"passwordexpired":false,"lastlogon":0,"lastlogontimestamp":-1,"pwdlastset":1668805993,"serviceprincipalnames":[],"hasspn":false,"displayname":null,"email":null,"title":null,"homedirectory":null,"userpassword":null,"unixpassword":null,"unicodepassword":null,"sfupassword":null,"logonscript":null,"useraccountcontrol":66048,"profilepath":null,"admincount":false,"supportedencryptiontypes":null,"sidhistory":[]},"AllowedToDelegate":[],"PrimaryGroupSID":"S-1-5-21-4078382237-1492182817-2568127209-513","HasSIDHistory":[],"SPNTargets":[],"UnconstrainedDelegation":false,"DomainSID":"S-1-5-21-4078382237-1492182817-2568127209","Aces":[{"PrincipalSID":"S-1-5-21-4078382237-1492182817-2568127209-512","PrincipalType":"Group","RightName":"Owns","IsInherited":false,"InheritanceHash":""},{"PrincipalSID":"SEQUEL.HTB-S-1-5-32-548","PrincipalType":"Group","RightName":"GenericAll","IsInherited":false,"InheritanceHash":""},{"PrincipalSID":"S-1-5-21-4078382237-1492182817-2568127209-512","PrincipalType":"Group","RightName":"GenericAll","IsInherited":false,"InheritanceHash":""},{"PrincipalSID":"S-1-5-21-4078382237-1492182817-2568127209-526","PrincipalType":"Group","RightName":"AddKeyCredentialLink","IsInherited":true,"InheritanceHash":"161C31D1C02E9F6C9B22413EC4CB864B98FC8F6F"},{"PrincipalSID":"S-1-5-21-4078382237-1492182817-2568127209-527","PrincipalType":"Group","RightName":"AddKeyCredentialLink","IsInherited":true,"InheritanceHash":"2D6DF6435E2B074DCBDCF51CD5699B767DC44502"},{"PrincipalSID":"S-1-5-21-4078382237-1492182817-2568127209-519","PrincipalType":"Group","RightName":"GenericAll","IsInherited":true,"InheritanceHash":"E8541A78F9F1D539066AF75D3D512123162DAD63"},{"PrincipalSID":"SEQUEL.HTB-S-1-5-32-544","PrincipalType":"Group","RightName":"WriteDacl","IsInherited":true,"InheritanceHash":"62C26D4FB3FF64505B03CDD35D648DFBC6C157CC"},{"PrincipalSID":"SEQUEL.HTB-S-1-5-32-544","PrincipalType":"Group","RightName":"WriteOwner","IsInherited":true,"InheritanceHash":"62C26D4FB3FF64505B03CDD35D648DFBC6C157CC"},{"PrincipalSID":"SEQUEL.HTB-S-1-5-32-544","PrincipalType":"Group","RightName":"AllExtendedRights","IsInherited":true,"InheritanceHash":"62C26D4FB3FF64505B03CDD35D648DFBC6C157CC"},{"PrincipalSID":"SEQUEL.HTB-S-1-5-32-544","PrincipalType":"Group","RightName":"GenericWrite","IsInherited":true,"InheritanceHash":"62C26D4FB3FF64505B03CDD35D648DFBC6C157CC"}],"ObjectIdentifier":"S-1-5-21-4078382237-1492182817-2568127209-1104","IsDeleted":false,"IsACLProtected":false,"ContainedBy":{"ObjectIdentifier":"69833178-7DB0-4D0A-BCF5-CB5549F87274","ObjectType":"Container"}},{"Properties":{"domain":"SEQUEL.HTB","name":"RYAN.COOPER@SEQUEL.HTB","distinguishedname":"CN=RYAN.COOPER,CN=USERS,DC=SEQUEL,DC=HTB","domainsid":"S-1-5-21-4078382237-1492182817-2568127209","samaccountname":"Ryan.Cooper","doesanyacegrantownerrights":false,"doesanyinheritedacegrantownerrights":false,"isaclprotected":false,"whencreated":1668805993,"sensitive":false,"dontreqpreauth":false,"passwordnotreqd":false,"unconstraineddelegation":false,"pwdneverexpires":true,"enabled":true,"trustedtoauth":false,"smartcardrequired":false,"encryptedtextpwdallowed":false,"usedeskeyonly":false,"logonscriptenabled":false,"lockedout":false,"passwordcantchange":false,"passwordexpired":false,"lastlogon":1705620592,"lastlogontimestamp":1766204606,"pwdlastset":1675288377,"serviceprincipalnames":[],"hasspn":false,"displayname":null,"email":null,"title":null,"homedirectory":null,"userpassword":null,"unixpassword":null,"unicodepassword":null,"sfupassword":null,"logonscript":null,"useraccountcontrol":66048,"profilepath":null,"admincount":false,"supportedencryptiontypes":["Not defined"],"sidhistory":[]},"AllowedToDelegate":[],"PrimaryGroupSID":"S-1-5-21-4078382237-1492182817-2568127209-513","HasSIDHistory":[],"SPNTargets":[],"UnconstrainedDelegation":false,"DomainSID":"S-1-5-21-4078382237-1492182817-2568127209","Aces":[{"PrincipalSID":"S-1-5-21-4078382237-1492182817-2568127209-512","PrincipalType":"Group","RightName":"Owns","IsInherited":false,"InheritanceHash":""},{"PrincipalSID":"SEQUEL.HTB-S-1-5-32-548","PrincipalType":"Group","RightName":"GenericAll","IsInherited":false,"InheritanceHash":""},{"PrincipalSID":"S-1-5-21-4078382237-1492182817-2568127209-512","PrincipalType":"Group","RightName":"GenericAll","IsInherited":false,"InheritanceHash":""},{"PrincipalSID":"S-1-5-21-4078382237-1492182817-2568127209-526","PrincipalType":"Group","RightName":"AddKeyCredentialLink","IsInherited":true,"InheritanceHash":"161C31D1C02E9F6C9B22413EC4CB864B98FC8F6F"},{"PrincipalSID":"S-1-5-21-4078382237-1492182817-2568127209-527","PrincipalType":"Group","RightName":"AddKeyCredentialLink","IsInherited":true,"InheritanceHash":"2D6DF6435E2B074DCBDCF51CD5699B767DC44502"},{"PrincipalSID":"S-1-5-21-4078382237-1492182817-2568127209-519","PrincipalType":"Group","RightName":"GenericAll","IsInherited":true,"InheritanceHash":"E8541A78F9F1D539066AF75D3D512123162DAD63"},{"PrincipalSID":"SEQUEL.HTB-S-1-5-32-544","PrincipalType":"Group","RightName":"WriteDacl","IsInherited":true,"InheritanceHash":"62C26D4FB3FF64505B03CDD35D648DFBC6C157CC"},{"PrincipalSID":"SEQUEL.HTB-S-1-5-32-544","PrincipalType":"Group","RightName":"WriteOwner","IsInherited":true,"InheritanceHash":"62C26D4FB3FF64505B03CDD35D648DFBC6C157CC"},{"PrincipalSID":"SEQUEL.HTB-S-1-5-32-544","PrincipalType":"Group","RightName":"AllExtendedRights","IsInherited":true,"InheritanceHash":"62C26D4FB3FF64505B03CDD35D648DFBC6C157CC"},{"PrincipalSID":"SEQUEL.HTB-S-1-5-32-544","PrincipalType":"Group","RightName":"GenericWrite","IsInherited":true,"InheritanceHash":"62C26D4FB3FF64505B03CDD35D648DFBC6C157CC"}],"ObjectIdentifier":"S-1-5-21-4078382237-1492182817-2568127209-1105","IsDeleted":false,"IsACLProtected":false,"ContainedBy":{"ObjectIdentifier":"69833178-7DB0-4D0A-BCF5-CB5549F87274","ObjectType":"Container"}},{"Properties":{"domain":"SEQUEL.HTB","name":"SQL_SVC@SEQUEL.HTB","distinguishedname":"CN=SQL_SVC,CN=USERS,DC=SEQUEL,DC=HTB","domainsid":"S-1-5-21-4078382237-1492182817-2568127209","samaccountname":"sql_svc","doesanyacegrantownerrights":false,"doesanyinheritedacegrantownerrights":false,"isaclprotected":false,"whencreated":1668805993,"sensitive":false,"dontreqpreauth":false,"passwordnotreqd":false,"unconstraineddelegation":false,"pwdneverexpires":true,"enabled":true,"trustedtoauth":false,"smartcardrequired":false,"encryptedtextpwdallowed":false,"usedeskeyonly":false,"logonscriptenabled":false,"lockedout":false,"passwordcantchange":false,"passwordexpired":false,"lastlogon":1766122150,"lastlogontimestamp":1766122150,"pwdlastset":1668805993,"serviceprincipalnames":[],"hasspn":false,"displayname":null,"email":null,"title":null,"homedirectory":null,"userpassword":null,"unixpassword":null,"unicodepassword":null,"sfupassword":null,"logonscript":null,"useraccountcontrol":66048,"profilepath":null,"admincount":false,"supportedencryptiontypes":null,"sidhistory":[]},"AllowedToDelegate":[],"PrimaryGroupSID":"S-1-5-21-4078382237-1492182817-2568127209-513","HasSIDHistory":[],"SPNTargets":[],"UnconstrainedDelegation":false,"DomainSID":"S-1-5-21-4078382237-1492182817-2568127209","Aces":[{"PrincipalSID":"S-1-5-21-4078382237-1492182817-2568127209-512","PrincipalType":"Group","RightName":"Owns","IsInherited":false,"InheritanceHash":""},{"PrincipalSID":"SEQUEL.HTB-S-1-5-32-548","PrincipalType":"Group","RightName":"GenericAll","IsInherited":false,"InheritanceHash":""},{"PrincipalSID":"S-1-5-21-4078382237-1492182817-2568127209-512","PrincipalType":"Group","RightName":"GenericAll","IsInherited":false,"InheritanceHash":""},{"PrincipalSID":"S-1-5-21-4078382237-1492182817-2568127209-526","PrincipalType":"Group","RightName":"AddKeyCredentialLink","IsInherited":true,"InheritanceHash":"161C31D1C02E9F6C9B22413EC4CB864B98FC8F6F"},{"PrincipalSID":"S-1-5-21-4078382237-1492182817-2568127209-527","PrincipalType":"Group","RightName":"AddKeyCredentialLink","IsInherited":true,"InheritanceHash":"2D6DF6435E2B074DCBDCF51CD5699B767DC44502"},{"PrincipalSID":"S-1-5-21-4078382237-1492182817-2568127209-519","PrincipalType":"Group","RightName":"GenericAll","IsInherited":true,"InheritanceHash":"E8541A78F9F1D539066AF75D3D512123162DAD63"},{"PrincipalSID":"SEQUEL.HTB-S-1-5-32-544","PrincipalType":"Group","RightName":"WriteDacl","IsInherited":true,"InheritanceHash":"62C26D4FB3FF64505B03CDD35D648DFBC6C157CC"},{"PrincipalSID":"SEQUEL.HTB-S-1-5-32-544","PrincipalType":"Group","RightName":"WriteOwner","IsInherited":true,"InheritanceHash":"62C26D4FB3FF64505B03CDD35D648DFBC6C157CC"},{"PrincipalSID":"SEQUEL.HTB-S-1-5-32-544","PrincipalType":"Group","RightName":"AllExtendedRights","IsInherited":true,"InheritanceHash":"62C26D4FB3FF64505B03CDD35D648DFBC6C157CC"},{"PrincipalSID":"SEQUEL.HTB-S-1-5-32-544","PrincipalType":"Group","RightName":"GenericWrite","IsInherited":true,"InheritanceHash":"62C26D4FB3FF64505B03CDD35D648DFBC6C157CC"}],"ObjectIdentifier":"S-1-5-21-4078382237-1492182817-2568127209-1106","IsDeleted":false,"IsACLProtected":false,"ContainedBy":{"ObjectIdentifier":"69833178-7DB0-4D0A-BCF5-CB5549F87274","ObjectType":"Container"}},{"Properties":{"domain":"SEQUEL.HTB","name":"JAMES.ROBERTS@SEQUEL.HTB","distinguishedname":"CN=JAMES.ROBERTS,CN=USERS,DC=SEQUEL,DC=HTB","domainsid":"S-1-5-21-4078382237-1492182817-2568127209","samaccountname":"James.Roberts","doesanyacegrantownerrights":false,"doesanyinheritedacegrantownerrights":false,"isaclprotected":false,"whencreated":1668805993,"sensitive":false,"dontreqpreauth":false,"passwordnotreqd":false,"unconstraineddelegation":false,"pwdneverexpires":true,"enabled":true,"trustedtoauth":false,"smartcardrequired":false,"encryptedtextpwdallowed":false,"usedeskeyonly":false,"logonscriptenabled":false,"lockedout":false,"passwordcantchange":false,"passwordexpired":false,"lastlogon":0,"lastlogontimestamp":-1,"pwdlastset":1668805993,"serviceprincipalnames":[],"hasspn":false,"displayname":null,"email":null,"title":null,"homedirectory":null,"userpassword":null,"unixpassword":null,"unicodepassword":null,"sfupassword":null,"logonscript":null,"useraccountcontrol":66048,"profilepath":null,"admincount":false,"supportedencryptiontypes":null,"sidhistory":[]},"AllowedToDelegate":[],"PrimaryGroupSID":"S-1-5-21-4078382237-1492182817-2568127209-513","HasSIDHistory":[],"SPNTargets":[],"UnconstrainedDelegation":false,"DomainSID":"S-1-5-21-4078382237-1492182817-2568127209","Aces":[{"PrincipalSID":"S-1-5-21-4078382237-1492182817-2568127209-512","PrincipalType":"Group","RightName":"Owns","IsInherited":false,"InheritanceHash":""},{"PrincipalSID":"SEQUEL.HTB-S-1-5-32-548","PrincipalType":"Group","RightName":"GenericAll","IsInherited":false,"InheritanceHash":""},{"PrincipalSID":"S-1-5-21-4078382237-1492182817-2568127209-512","PrincipalType":"Group","RightName":"GenericAll","IsInherited":false,"InheritanceHash":""},{"PrincipalSID":"S-1-5-21-4078382237-1492182817-2568127209-526","PrincipalType":"Group","RightName":"AddKeyCredentialLink","IsInherited":true,"InheritanceHash":"161C31D1C02E9F6C9B22413EC4CB864B98FC8F6F"},{"PrincipalSID":"S-1-5-21-4078382237-1492182817-2568127209-527","PrincipalType":"Group","RightName":"AddKeyCredentialLink","IsInherited":true,"InheritanceHash":"2D6DF6435E2B074DCBDCF51CD5699B767DC44502"},{"PrincipalSID":"S-1-5-21-4078382237-1492182817-2568127209-519","PrincipalType":"Group","RightName":"GenericAll","IsInherited":true,"InheritanceHash":"E8541A78F9F1D539066AF75D3D512123162DAD63"},{"PrincipalSID":"SEQUEL.HTB-S-1-5-32-544","PrincipalType":"Group","RightName":"WriteDacl","IsInherited":true,"InheritanceHash":"62C26D4FB3FF64505B03CDD35D648DFBC6C157CC"},{"PrincipalSID":"SEQUEL.HTB-S-1-5-32-544","PrincipalType":"Group","RightName":"WriteOwner","IsInherited":true,"InheritanceHash":"62C26D4FB3FF64505B03CDD35D648DFBC6C157CC"},{"PrincipalSID":"SEQUEL.HTB-S-1-5-32-544","PrincipalType":"Group","RightName":"AllExtendedRights","IsInherited":true,"InheritanceHash":"62C26D4FB3FF64505B03CDD35D648DFBC6C157CC"},{"PrincipalSID":"SEQUEL.HTB-S-1-5-32-544","PrincipalType":"Group","RightName":"GenericWrite","IsInherited":true,"InheritanceHash":"62C26D4FB3FF64505B03CDD35D648DFBC6C157CC"}],"ObjectIdentifier":"S-1-5-21-4078382237-1492182817-2568127209-1107","IsDeleted":false,"IsACLProtected":false,"ContainedBy":{"ObjectIdentifier":"69833178-7DB0-4D0A-BCF5-CB5549F87274","ObjectType":"Container"}},{"Properties":{"domain":"SEQUEL.HTB","name":"NICOLE.THOMPSON@SEQUEL.HTB","distinguishedname":"CN=NICOLE.THOMPSON,CN=USERS,DC=SEQUEL,DC=HTB","domainsid":"S-1-5-21-4078382237-1492182817-2568127209","samaccountname":"Nicole.Thompson","doesanyacegrantownerrights":false,"doesanyinheritedacegrantownerrights":false,"isaclprotected":false,"whencreated":1668805993,"sensitive":false,"dontreqpreauth":false,"passwordnotreqd":false,"unconstraineddelegation":false,"pwdneverexpires":true,"enabled":true,"trustedtoauth":false,"smartcardrequired":false,"encryptedtextpwdallowed":false,"usedeskeyonly":false,"logonscriptenabled":false,"lockedout":false,"passwordcantchange":false,"passwordexpired":false,"lastlogon":0,"lastlogontimestamp":-1,"pwdlastset":1668805993,"serviceprincipalnames":[],"hasspn":false,"displayname":null,"email":null,"title":null,"homedirectory":null,"userpassword":null,"unixpassword":null,"unicodepassword":null,"sfupassword":null,"logonscript":null,"useraccountcontrol":66048,"profilepath":null,"admincount":false,"supportedencryptiontypes":null,"sidhistory":[]},"AllowedToDelegate":[],"PrimaryGroupSID":"S-1-5-21-4078382237-1492182817-2568127209-513","HasSIDHistory":[],"SPNTargets":[],"UnconstrainedDelegation":false,"DomainSID":"S-1-5-21-4078382237-1492182817-2568127209","Aces":[{"PrincipalSID":"S-1-5-21-4078382237-1492182817-2568127209-512","PrincipalType":"Group","RightName":"Owns","IsInherited":false,"InheritanceHash":""},{"PrincipalSID":"SEQUEL.HTB-S-1-5-32-548","PrincipalType":"Group","RightName":"GenericAll","IsInherited":false,"InheritanceHash":""},{"PrincipalSID":"S-1-5-21-4078382237-1492182817-2568127209-512","PrincipalType":"Group","RightName":"GenericAll","IsInherited":false,"InheritanceHash":""},{"PrincipalSID":"S-1-5-21-4078382237-1492182817-2568127209-526","PrincipalType":"Group","RightName":"AddKeyCredentialLink","IsInherited":true,"InheritanceHash":"161C31D1C02E9F6C9B22413EC4CB864B98FC8F6F"},{"PrincipalSID":"S-1-5-21-4078382237-1492182817-2568127209-527","PrincipalType":"Group","RightName":"AddKeyCredentialLink","IsInherited":true,"InheritanceHash":"2D6DF6435E2B074DCBDCF51CD5699B767DC44502"},{"PrincipalSID":"S-1-5-21-4078382237-1492182817-2568127209-519","PrincipalType":"Group","RightName":"GenericAll","IsInherited":true,"InheritanceHash":"E8541A78F9F1D539066AF75D3D512123162DAD63"},{"PrincipalSID":"SEQUEL.HTB-S-1-5-32-544","PrincipalType":"Group","RightName":"WriteDacl","IsInherited":true,"InheritanceHash":"62C26D4FB3FF64505B03CDD35D648DFBC6C157CC"},{"PrincipalSID":"SEQUEL.HTB-S-1-5-32-544","PrincipalType":"Group","RightName":"WriteOwner","IsInherited":true,"InheritanceHash":"62C26D4FB3FF64505B03CDD35D648DFBC6C157CC"},{"PrincipalSID":"SEQUEL.HTB-S-1-5-32-544","PrincipalType":"Group","RightName":"AllExtendedRights","IsInherited":true,"InheritanceHash":"62C26D4FB3FF64505B03CDD35D648DFBC6C157CC"},{"PrincipalSID":"SEQUEL.HTB-S-1-5-32-544","PrincipalType":"Group","RightName":"GenericWrite","IsInherited":true,"InheritanceHash":"62C26D4FB3FF64505B03CDD35D648DFBC6C157CC"}],"ObjectIdentifier":"S-1-5-21-4078382237-1492182817-2568127209-1108","IsDeleted":false,"IsACLProtected":false,"ContainedBy":{"ObjectIdentifier":"69833178-7DB0-4D0A-BCF5-CB5549F87274","ObjectType":"Container"}},{"Properties":{"domain":"SEQUEL.HTB","name":"GUEST@SEQUEL.HTB","distinguishedname":"CN=GUEST,CN=USERS,DC=SEQUEL,DC=HTB","domainsid":"S-1-5-21-4078382237-1492182817-2568127209","samaccountname":"Guest","doesanyacegrantownerrights":false,"doesanyinheritedacegrantownerrights":false,"isaclprotected":false,"description":"Built-in account for guest access to the computer/domain","whencreated":1668791511,"sensitive":false,"dontreqpreauth":false,"passwordnotreqd":true,"unconstraineddelegation":false,"pwdneverexpires":true,"enabled":true,"trustedtoauth":false,"smartcardrequired":false,"encryptedtextpwdallowed":false,"usedeskeyonly":false,"logonscriptenabled":false,"lockedout":false,"passwordcantchange":false,"passwordexpired":false,"lastlogon":0,"lastlogontimestamp":1766127226,"pwdlastset":0,"serviceprincipalnames":[],"hasspn":false,"displayname":null,"email":null,"title":null,"homedirectory":null,"userpassword":null,"unixpassword":null,"unicodepassword":null,"sfupassword":null,"logonscript":null,"useraccountcontrol":66080,"profilepath":null,"admincount":false,"supportedencryptiontypes":null,"sidhistory":[]},"AllowedToDelegate":[],"PrimaryGroupSID":"S-1-5-21-4078382237-1492182817-2568127209-514","HasSIDHistory":[],"SPNTargets":[],"UnconstrainedDelegation":false,"DomainSID":"S-1-5-21-4078382237-1492182817-2568127209","Aces":[{"PrincipalSID":"SEQUEL.HTB-S-1-5-32-544","PrincipalType":"Group","RightName":"Owns","IsInherited":false,"InheritanceHash":""},{"PrincipalSID":"SEQUEL.HTB-S-1-5-32-548","PrincipalType":"Group","RightName":"GenericAll","IsInherited":false,"InheritanceHash":""},{"PrincipalSID":"S-1-5-21-4078382237-1492182817-2568127209-512","PrincipalType":"Group","RightName":"GenericAll","IsInherited":false,"InheritanceHash":""},{"PrincipalSID":"S-1-5-21-4078382237-1492182817-2568127209-526","PrincipalType":"Group","RightName":"AddKeyCredentialLink","IsInherited":true,"InheritanceHash":"161C31D1C02E9F6C9B22413EC4CB864B98FC8F6F"},{"PrincipalSID":"S-1-5-21-4078382237-1492182817-2568127209-527","PrincipalType":"Group","RightName":"AddKeyCredentialLink","IsInherited":true,"InheritanceHash":"2D6DF6435E2B074DCBDCF51CD5699B767DC44502"},{"PrincipalSID":"S-1-5-21-4078382237-1492182817-2568127209-519","PrincipalType":"Group","RightName":"GenericAll","IsInherited":true,"InheritanceHash":"E8541A78F9F1D539066AF75D3D512123162DAD63"},{"PrincipalSID":"SEQUEL.HTB-S-1-5-32-544","PrincipalType":"Group","RightName":"WriteDacl","IsInherited":true,"InheritanceHash":"62C26D4FB3FF64505B03CDD35D648DFBC6C157CC"},{"PrincipalSID":"SEQUEL.HTB-S-1-5-32-544","PrincipalType":"Group","RightName":"WriteOwner","IsInherited":true,"InheritanceHash":"62C26D4FB3FF64505B03CDD35D648DFBC6C157CC"},{"PrincipalSID":"SEQUEL.HTB-S-1-5-32-544","PrincipalType":"Group","RightName":"AllExtendedRights","IsInherited":true,"InheritanceHash":"62C26D4FB3FF64505B03CDD35D648DFBC6C157CC"},{"PrincipalSID":"SEQUEL.HTB-S-1-5-32-544","PrincipalType":"Group","RightName":"GenericWrite","IsInherited":true,"InheritanceHash":"62C26D4FB3FF64505B03CDD35D648DFBC6C157CC"}],"ObjectIdentifier":"S-1-5-21-4078382237-1492182817-2568127209-501","IsDeleted":false,"IsACLProtected":false,"ContainedBy":{"ObjectIdentifier":"69833178-7DB0-4D0A-BCF5-CB5549F87274","ObjectType":"Container"}},{"Properties":{"name":"IUSR@SEQUEL.HTB","domainsid":"S-1-5-21-4078382237-1492182817-2568127209","domain":"SEQUEL.HTB","reconcile":false},"AllowedToDelegate":[],"PrimaryGroupSID":null,"HasSIDHistory":[],"SPNTargets":[],"UnconstrainedDelegation":false,"DomainSID":null,"Aces":[],"ObjectIdentifier":"SEQUEL.HTB-S-1-5-17","IsDeleted":false,"IsACLProtected":false,"ContainedBy":null}],"meta":{"methods":7107563,"type":"users","count":10,"version":6,"collectorversion":"2.6.5.0"}}