{"data":[{"Properties":{"domain":"SEQUEL.HTB","name":"NTAUTHCERTIFICATES@SEQUEL.HTB","distinguishedname":"CN=NTAUTHCERTIFICATES,CN=PUBLIC KEY SERVICES,CN=SERVICES,CN=CONFIGURATION,DC=SEQUEL,DC=HTB","domainsid":"S-1-5-21-4078382237-1492182817-2568127209","doesanyacegrantownerrights":false,"doesanyinheritedacegrantownerrights":false,"isaclprotected":false,"certthumbprints":["A263EA89CAFE503BB33513E359747FD262F91A56"],"whencreated":1668805726},"DomainSID":"S-1-5-21-4078382237-1492182817-2568127209","Aces":[{"PrincipalSID":"S-1-5-21-4078382237-1492182817-2568127209-519","PrincipalType":"Group","RightName":"Owns","IsInherited":false,"InheritanceHash":""},{"PrincipalSID":"SEQUEL.HTB-S-1-5-32-544","PrincipalType":"Group","RightName":"GenericAll","IsInherited":false,"InheritanceHash":""},{"PrincipalSID":"S-1-5-21-4078382237-1492182817-2568127209-512","PrincipalType":"Group","RightName":"GenericAll","IsInherited":false,"InheritanceHash":""},{"PrincipalSID":"S-1-5-21-4078382237-1492182817-2568127209-519","PrincipalType":"Group","RightName":"GenericAll","IsInherited":false,"InheritanceHash":""},{"PrincipalSID":"S-1-5-21-4078382237-1492182817-2568127209-519","PrincipalType":"Group","RightName":"GenericAll","IsInherited":true,"InheritanceHash":"E8541A78F9F1D539066AF75D3D512123162DAD63"},{"PrincipalSID":"S-1-5-21-4078382237-1492182817-2568127209-512","PrincipalType":"Group","RightName":"WriteDacl","IsInherited":true,"InheritanceHash":"1933E9F5AB942CAF791D2B20FFA13C2A1E0B9DD9"},{"PrincipalSID":"S-1-5-21-4078382237-1492182817-2568127209-512","PrincipalType":"Group","RightName":"WriteOwner","IsInherited":true,"InheritanceHash":"1933E9F5AB942CAF791D2B20FFA13C2A1E0B9DD9"},{"PrincipalSID":"S-1-5-21-4078382237-1492182817-2568127209-512","PrincipalType":"Group","RightName":"GenericWrite","IsInherited":true,"InheritanceHash":"1933E9F5AB942CAF791D2B20FFA13C2A1E0B9DD9"}],"ObjectIdentifier":"9E8D053E-07B0-4E6D-A2D6-093F7B39D377","IsDeleted":false,"IsACLProtected":false,"ContainedBy":{"ObjectIdentifier":"299217C9-42BA-4F70-812B-96CB7FF61B00","ObjectType":"Container"}}],"meta":{"methods":7107563,"type":"ntauthstores","count":1,"version":6,"collectorversion":"2.6.5.0"}}