{"data":[{"ObjectIdentifier": "S-1-5-21-1407081343-4001094062-1444647654-1000", "AllowedToAct": [], "PrimaryGroupSID": "S-1-5-21-1407081343-4001094062-1444647654-516", "LocalAdmins": {"Collected": true, "FailureReason": null, "Results": [{"ObjectIdentifier": "S-1-5-21-1407081343-4001094062-1444647654-500", "ObjectType": "User"}, {"ObjectIdentifier": "S-1-5-21-1407081343-4001094062-1444647654-519", "ObjectType": "Group"}, {"ObjectIdentifier": "S-1-5-21-1407081343-4001094062-1444647654-512", "ObjectType": "Group"}]}, "PSRemoteUsers": {"Collected": true, "FailureReason": null, "Results": [{"ObjectIdentifier": "S-1-5-21-1407081343-4001094062-1444647654-1109", "ObjectType": "Group"}]}, "Properties": {"name": "BABYDC.BABY.VL", "domainsid": "S-1-5-21-1407081343-4001094062-1444647654", "domain": "BABY.VL", "distinguishedname": "CN=BABYDC,OU=DOMAIN CONTROLLERS,DC=BABY,DC=VL", "unconstraineddelegation": true, "enabled": true, "trustedtoauth": false, "samaccountname": "BABYDC$", "haslaps": false, "lastlogon": 1770490661, "lastlogontimestamp": 1770488886, "pwdlastset": 1755606560, "whencreated": 1637506318, "serviceprincipalnames": ["Dfsr-12F9A27C-BF97-4787-9364-D31B6C55EB04/BabyDC.baby.vl", "TERMSRV/BABYDC", "TERMSRV/BabyDC.baby.vl", "ldap/BabyDC.baby.vl/ForestDnsZones.baby.vl", "ldap/BabyDC.baby.vl/DomainDnsZones.baby.vl", "DNS/BabyDC.baby.vl", "GC/BabyDC.baby.vl/baby.vl", "RestrictedKrbHost/BabyDC.baby.vl", "RestrictedKrbHost/BABYDC", "RPC/805ffd28-1745-4fa0-bc1e-62557d0f2b6b._msdcs.baby.vl", "HOST/BABYDC/BABY", "HOST/BabyDC.baby.vl/BABY", "HOST/BABYDC", "HOST/BabyDC.baby.vl", "HOST/BabyDC.baby.vl/baby.vl", "E3514235-4B06-11D1-AB04-00C04FC2DCD2/805ffd28-1745-4fa0-bc1e-62557d0f2b6b/baby.vl", "ldap/BABYDC/BABY", "ldap/805ffd28-1745-4fa0-bc1e-62557d0f2b6b._msdcs.baby.vl", "ldap/BabyDC.baby.vl/BABY", "ldap/BABYDC", "ldap/BabyDC.baby.vl", "ldap/BabyDC.baby.vl/baby.vl"], "description": null, "operatingsystem": "Windows Server 2022 Datacenter", "operatingsystemname": "Windows Server 2022 Datacenter", "operatingsystemservicepack": null, "operatingsystemversion": "10.0 (20348)", "sidhistory": []}, "RemoteDesktopUsers": {"Collected": true, "FailureReason": null, "Results": []}, "DcomUsers": {"Collected": true, "FailureReason": null, "Results": []}, "AllowedToDelegate": [], "Sessions": {"Collected": true, "FailureReason": null, "Results": []}, "PrivilegedSessions": {"Collected": false, "FailureReason": null, "Results": []}, "RegistrySessions": {"Collected": false, "FailureReason": null, "Results": []}, "Aces": [{"RightName": "Owns", "IsInherited": false, "PrincipalSID": "S-1-5-21-1407081343-4001094062-1444647654-512", "PrincipalType": "Group"}, {"RightName": "GenericAll", "IsInherited": false, "PrincipalSID": "S-1-5-21-1407081343-4001094062-1444647654-512", "PrincipalType": "Group"}, {"RightName": "AddKeyCredentialLink", "IsInherited": true, "PrincipalSID": "S-1-5-21-1407081343-4001094062-1444647654-526", "PrincipalType": "Group"}, {"RightName": "AddKeyCredentialLink", "IsInherited": true, "PrincipalSID": "S-1-5-21-1407081343-4001094062-1444647654-527", "PrincipalType": "Group"}, {"RightName": "GenericAll", "IsInherited": true, "PrincipalSID": "S-1-5-21-1407081343-4001094062-1444647654-519", "PrincipalType": "Group"}, {"RightName": "GenericWrite", "IsInherited": true, "PrincipalSID": "BABY.VL-S-1-5-32-544", "PrincipalType": "Group"}, {"RightName": "WriteOwner", "IsInherited": true, "PrincipalSID": "BABY.VL-S-1-5-32-544", "PrincipalType": "Group"}, {"RightName": "WriteDacl", "IsInherited": true, "PrincipalSID": "BABY.VL-S-1-5-32-544", "PrincipalType": "Group"}], "HasSIDHistory": [], "IsDeleted": false, "Status": null, "IsACLProtected": false}],"meta":{"methods":0,"type":"computers","count":1, "version":5}}