{"data": [{"ObjectIdentifier": "S-1-5-21-1407081343-4001094062-1444647654", "Properties": {"name": "BABY.VL", "domain": "BABY.VL", "domainsid": "S-1-5-21-1407081343-4001094062-1444647654", "distinguishedname": "DC=BABY,DC=VL", "description": "", "functionallevel": "2016", "highvalue": true, "whencreated": 1637506184}, "Trusts": [], "Aces": [{"RightName": "Owns", "IsInherited": false, "PrincipalSID": "BABY.VL-S-1-5-32-544", "PrincipalType": "Group"}, {"RightName": "GetChanges", "IsInherited": false, "PrincipalSID": "S-1-5-21-1407081343-4001094062-1444647654-498", "PrincipalType": "Group"}, {"RightName": "GetChangesAll", "IsInherited": false, "PrincipalSID": "S-1-5-21-1407081343-4001094062-1444647654-516", "PrincipalType": "Group"}, {"RightName": "GetChangesInFilteredSet", "IsInherited": false, "PrincipalSID": "BABY.VL-S-1-5-32-544", "PrincipalType": "Group"}, {"RightName": "GetChanges", "IsInherited": false, "PrincipalSID": "BABY.VL-S-1-5-32-544", "PrincipalType": "Group"}, {"RightName": "GetChangesAll", "IsInherited": false, "PrincipalSID": "BABY.VL-S-1-5-32-544", "PrincipalType": "Group"}, {"RightName": "GetChangesInFilteredSet", "IsInherited": false, "PrincipalSID": "BABY.VL-S-1-5-9", "PrincipalType": "Group"}, {"RightName": "GetChanges", "IsInherited": false, "PrincipalSID": "BABY.VL-S-1-5-9", "PrincipalType": "Group"}, {"RightName": "WriteOwner", "IsInherited": false, "PrincipalSID": "S-1-5-21-1407081343-4001094062-1444647654-512", "PrincipalType": "Group"}, {"RightName": "AllExtendedRights", "IsInherited": false, "PrincipalSID": "S-1-5-21-1407081343-4001094062-1444647654-512", "PrincipalType": "Group"}, {"RightName": "WriteDacl", "IsInherited": false, "PrincipalSID": "S-1-5-21-1407081343-4001094062-1444647654-512", "PrincipalType": "Group"}, {"RightName": "GenericAll", "IsInherited": false, "PrincipalSID": "S-1-5-21-1407081343-4001094062-1444647654-519", "PrincipalType": "Group"}, {"RightName": "WriteOwner", "IsInherited": false, "PrincipalSID": "BABY.VL-S-1-5-32-544", "PrincipalType": "Group"}, {"RightName": "AllExtendedRights", "IsInherited": false, "PrincipalSID": "BABY.VL-S-1-5-32-544", "PrincipalType": "Group"}, {"RightName": "WriteDacl", "IsInherited": false, "PrincipalSID": "BABY.VL-S-1-5-32-544", "PrincipalType": "Group"}], "Links": [{"IsEnforced": false, "GUID": "CE444128-CA87-404C-8561-958ADF9E81C7"}], "ChildObjects": [{"ObjectIdentifier": "C57931CA-0596-4D9A-9145-E88730DF364D", "ObjectType": "Container"}, {"ObjectIdentifier": "A5F41521-B358-48DF-A8FB-5B46E4CB95AA", "ObjectType": "Container"}, {"ObjectIdentifier": "9782D446-4B37-4BC0-9B02-F051ACD4CDC7", "ObjectType": "OU"}, {"ObjectIdentifier": "DD6B1D0B-3AB8-48C4-AC05-74BC27ED822A", "ObjectType": "Container"}, {"ObjectIdentifier": "2715E100-6660-491C-8668-7F12A7BE160E", "ObjectType": "OU"}, {"ObjectIdentifier": "85A57696-38EA-4D83-B813-8C18CE55D63A", "ObjectType": "OU"}, {"ObjectIdentifier": "869A94EA-463E-4FD0-9EBE-0D9C88171119", "ObjectType": "Container"}], "GPOChanges": {"AffectedComputers": [], "DcomUsers": [], "LocalAdmins": [], "PSRemoteUsers": [], "RemoteDesktopUsers": []}, "IsDeleted": false, "IsACLProtected": false}], "meta": {"type": "domains", "count": 1, "version": 5}}