{"data":[{"ObjectIdentifier": "6A6326AC-FF33-42F2-97FF-D382D197CFBA", "Properties": {"domain": "BABY.VL", "name": "WMIGPO@BABY.VL", "distinguishedname": "CN=WMIGPO,CN=WMIPOLICY,CN=SYSTEM,DC=BABY,DC=VL", "domainsid": "S-1-5-21-1407081343-4001094062-1444647654", "highvalue": false, "description": "", "whencreated": 1637506191}, "IsDeleted": false, "IsACLProtected": false, "Aces": [{"RightName": "Owns", "IsInherited": false, "PrincipalSID": "S-1-5-21-1407081343-4001094062-1444647654-512", "PrincipalType": "Group"}, {"RightName": "WriteOwner", "IsInherited": false, "PrincipalSID": "S-1-5-21-1407081343-4001094062-1444647654-512", "PrincipalType": "Group"}, {"RightName": "WriteDacl", "IsInherited": false, "PrincipalSID": "S-1-5-21-1407081343-4001094062-1444647654-512", "PrincipalType": "Group"}, {"RightName": "GenericAll", "IsInherited": true, "PrincipalSID": "S-1-5-21-1407081343-4001094062-1444647654-519", "PrincipalType": "Group"}, {"RightName": "GenericAll", "IsInherited": true, "PrincipalSID": "S-1-5-21-1407081343-4001094062-1444647654-512", "PrincipalType": "Group"}], "ChildObjects": []},{"ObjectIdentifier": "2D1B08BD-111A-4077-B621-24F99DB8879C", "Properties": {"domain": "BABY.VL", "name": "POLICYTYPE@BABY.VL", "distinguishedname": "CN=POLICYTYPE,CN=WMIPOLICY,CN=SYSTEM,DC=BABY,DC=VL", "domainsid": "S-1-5-21-1407081343-4001094062-1444647654", "highvalue": false, "description": "", "whencreated": 1637506191}, "IsDeleted": false, "IsACLProtected": false, "Aces": [{"RightName": "Owns", "IsInherited": false, "PrincipalSID": "S-1-5-21-1407081343-4001094062-1444647654-512", "PrincipalType": "Group"}, {"RightName": "WriteOwner", "IsInherited": false, "PrincipalSID": "S-1-5-21-1407081343-4001094062-1444647654-512", "PrincipalType": "Group"}, {"RightName": "WriteDacl", "IsInherited": false, "PrincipalSID": "S-1-5-21-1407081343-4001094062-1444647654-512", "PrincipalType": "Group"}, {"RightName": "GenericAll", "IsInherited": true, "PrincipalSID": "S-1-5-21-1407081343-4001094062-1444647654-519", "PrincipalType": "Group"}, {"RightName": "GenericAll", "IsInherited": true, "PrincipalSID": "S-1-5-21-1407081343-4001094062-1444647654-512", "PrincipalType": "Group"}], "ChildObjects": []},{"ObjectIdentifier": "F1927A60-6F56-4917-8B0F-EE82354E0180", "Properties": {"domain": "BABY.VL", "name": "SOM@BABY.VL", "distinguishedname": "CN=SOM,CN=WMIPOLICY,CN=SYSTEM,DC=BABY,DC=VL", "domainsid": "S-1-5-21-1407081343-4001094062-1444647654", "highvalue": false, "description": "", "whencreated": 1637506191}, "IsDeleted": false, "IsACLProtected": true, "Aces": [{"RightName": "Owns", "IsInherited": false, "PrincipalSID": "S-1-5-21-1407081343-4001094062-1444647654-512", "PrincipalType": "Group"}, {"RightName": "GenericAll", "IsInherited": false, "PrincipalSID": "S-1-5-21-1407081343-4001094062-1444647654-512", "PrincipalType": "Group"}, {"RightName": "GenericAll", "IsInherited": false, "PrincipalSID": "S-1-5-21-1407081343-4001094062-1444647654-519", "PrincipalType": "Group"}], "ChildObjects": []},{"ObjectIdentifier": "82D8B81C-8628-4B87-A242-3790CC395A0E", "Properties": {"domain": "BABY.VL", "name": "POLICYTEMPLATE@BABY.VL", "distinguishedname": "CN=POLICYTEMPLATE,CN=WMIPOLICY,CN=SYSTEM,DC=BABY,DC=VL", "domainsid": "S-1-5-21-1407081343-4001094062-1444647654", "highvalue": false, "description": "", "whencreated": 1637506191}, "IsDeleted": false, "IsACLProtected": false, "Aces": [{"RightName": "Owns", "IsInherited": false, "PrincipalSID": "S-1-5-21-1407081343-4001094062-1444647654-512", "PrincipalType": "Group"}, {"RightName": "WriteOwner", "IsInherited": false, "PrincipalSID": "S-1-5-21-1407081343-4001094062-1444647654-512", "PrincipalType": "Group"}, {"RightName": "WriteDacl", "IsInherited": false, "PrincipalSID": "S-1-5-21-1407081343-4001094062-1444647654-512", "PrincipalType": "Group"}, {"RightName": "GenericAll", "IsInherited": true, "PrincipalSID": "S-1-5-21-1407081343-4001094062-1444647654-519", "PrincipalType": "Group"}, {"RightName": "GenericAll", "IsInherited": true, "PrincipalSID": "S-1-5-21-1407081343-4001094062-1444647654-512", "PrincipalType": "Group"}], "ChildObjects": []},{"ObjectIdentifier": "25600A10-0189-4E1D-AD57-B8E124DF9E43", "Properties": {"domain": "BABY.VL", "name": "WMIPOLICY@BABY.VL", "distinguishedname": "CN=WMIPOLICY,CN=SYSTEM,DC=BABY,DC=VL", "domainsid": "S-1-5-21-1407081343-4001094062-1444647654", "highvalue": false, "description": "", "whencreated": 1637506191}, "IsDeleted": false, "IsACLProtected": true, "Aces": [{"RightName": "Owns", "IsInherited": false, "PrincipalSID": "S-1-5-21-1407081343-4001094062-1444647654-512", "PrincipalType": "Group"}, {"RightName": "GenericAll", "IsInherited": false, "PrincipalSID": "S-1-5-21-1407081343-4001094062-1444647654-519", "PrincipalType": "Group"}, {"RightName": "GenericAll", "IsInherited": false, "PrincipalSID": "S-1-5-21-1407081343-4001094062-1444647654-512", "PrincipalType": "Group"}], "ChildObjects": []},{"ObjectIdentifier": "E30F4824-31B9-46AB-B8D0-359F37924252", "Properties": {"domain": "BABY.VL", "name": "COMPARTITIONSETS@BABY.VL", "distinguishedname": "CN=COMPARTITIONSETS,CN=SYSTEM,DC=BABY,DC=VL", "domainsid": "S-1-5-21-1407081343-4001094062-1444647654", "highvalue": false, "description": "", "whencreated": 1637506191}, "IsDeleted": false, "IsACLProtected": false, "Aces": [{"RightName": "Owns", "IsInherited": false, "PrincipalSID": "S-1-5-21-1407081343-4001094062-1444647654-512", "PrincipalType": "Group"}, {"RightName": "WriteOwner", "IsInherited": false, "PrincipalSID": "S-1-5-21-1407081343-4001094062-1444647654-512", "PrincipalType": "Group"}, {"RightName": "WriteDacl", "IsInherited": false, "PrincipalSID": "S-1-5-21-1407081343-4001094062-1444647654-512", "PrincipalType": "Group"}, {"RightName": "GenericAll", "IsInherited": true, "PrincipalSID": "S-1-5-21-1407081343-4001094062-1444647654-519", "PrincipalType": "Group"}, {"RightName": "WriteOwner", "IsInherited": true, "PrincipalSID": "BABY.VL-S-1-5-32-544", "PrincipalType": "Group"}, {"RightName": "WriteDacl", "IsInherited": true, "PrincipalSID": "BABY.VL-S-1-5-32-544", "PrincipalType": "Group"}], "ChildObjects": []},{"ObjectIdentifier": "04911252-19C1-4DAA-A52F-1AE71A09689A", "Properties": {"domain": "BABY.VL", "name": "COMPARTITIONS@BABY.VL", "distinguishedname": "CN=COMPARTITIONS,CN=SYSTEM,DC=BABY,DC=VL", "domainsid": "S-1-5-21-1407081343-4001094062-1444647654", "highvalue": false, "description": "", "whencreated": 1637506191}, "IsDeleted": false, "IsACLProtected": false, "Aces": [{"RightName": "Owns", "IsInherited": false, "PrincipalSID": "S-1-5-21-1407081343-4001094062-1444647654-512", "PrincipalType": "Group"}, {"RightName": "WriteOwner", "IsInherited": false, "PrincipalSID": "S-1-5-21-1407081343-4001094062-1444647654-512", "PrincipalType": "Group"}, {"RightName": "WriteDacl", "IsInherited": false, "PrincipalSID": "S-1-5-21-1407081343-4001094062-1444647654-512", "PrincipalType": "Group"}, {"RightName": "GenericAll", "IsInherited": true, "PrincipalSID": "S-1-5-21-1407081343-4001094062-1444647654-519", "PrincipalType": "Group"}, {"RightName": "WriteOwner", "IsInherited": true, "PrincipalSID": "BABY.VL-S-1-5-32-544", "PrincipalType": "Group"}, {"RightName": "WriteDacl", "IsInherited": true, "PrincipalSID": "BABY.VL-S-1-5-32-544", "PrincipalType": "Group"}], "ChildObjects": []},{"ObjectIdentifier": "F5A945B7-6EC0-40AD-9A17-4272D2D46DD0", "Properties": {"domain": "BABY.VL", "name": "ADMINSDHOLDER@BABY.VL", "distinguishedname": "CN=ADMINSDHOLDER,CN=SYSTEM,DC=BABY,DC=VL", "domainsid": "S-1-5-21-1407081343-4001094062-1444647654", "highvalue": false, "description": "", "whencreated": 1637506191}, "IsDeleted": false, "IsACLProtected": true, "Aces": [{"RightName": "Owns", "IsInherited": false, "PrincipalSID": "S-1-5-21-1407081343-4001094062-1444647654-512", "PrincipalType": "Group"}, {"RightName": "WriteOwner", "IsInherited": false, "PrincipalSID": "S-1-5-21-1407081343-4001094062-1444647654-512", "PrincipalType": "Group"}, {"RightName": "WriteDacl", "IsInherited": false, "PrincipalSID": "S-1-5-21-1407081343-4001094062-1444647654-512", "PrincipalType": "Group"}, {"RightName": "WriteOwner", "IsInherited": false, "PrincipalSID": "S-1-5-21-1407081343-4001094062-1444647654-519", "PrincipalType": "Group"}, {"RightName": "WriteDacl", "IsInherited": false, "PrincipalSID": "S-1-5-21-1407081343-4001094062-1444647654-519", "PrincipalType": "Group"}, {"RightName": "WriteOwner", "IsInherited": false, "PrincipalSID": "BABY.VL-S-1-5-32-544", "PrincipalType": "Group"}, {"RightName": "WriteDacl", "IsInherited": false, "PrincipalSID": "BABY.VL-S-1-5-32-544", "PrincipalType": "Group"}], "ChildObjects": []},{"ObjectIdentifier": "5540B049-1369-4230-BD4E-3117E189AC24", "Properties": {"domain": "BABY.VL", "name": "RAS AND IAS SERVERS ACCESS CHECK@BABY.VL", "distinguishedname": "CN=RAS AND IAS SERVERS ACCESS CHECK,CN=SYSTEM,DC=BABY,DC=VL", "domainsid": "S-1-5-21-1407081343-4001094062-1444647654", "highvalue": false, "description": "", "whencreated": 1637506191}, "IsDeleted": false, "IsACLProtected": false, "Aces": [{"RightName": "Owns", "IsInherited": false, "PrincipalSID": "S-1-5-21-1407081343-4001094062-1444647654-512", "PrincipalType": "Group"}, {"RightName": "WriteOwner", "IsInherited": false, "PrincipalSID": "S-1-5-21-1407081343-4001094062-1444647654-553", "PrincipalType": "Group"}, {"RightName": "WriteDacl", "IsInherited": false, "PrincipalSID": "S-1-5-21-1407081343-4001094062-1444647654-553", "PrincipalType": "Group"}, {"RightName": "GenericAll", "IsInherited": true, "PrincipalSID": "S-1-5-21-1407081343-4001094062-1444647654-519", "PrincipalType": "Group"}, {"RightName": "WriteOwner", "IsInherited": true, "PrincipalSID": "BABY.VL-S-1-5-32-544", "PrincipalType": "Group"}, {"RightName": "WriteDacl", "IsInherited": true, "PrincipalSID": "BABY.VL-S-1-5-32-544", "PrincipalType": "Group"}], "ChildObjects": []},{"ObjectIdentifier": "9BCC1538-7567-4D63-A130-473DC784E975", "Properties": {"domain": "BABY.VL", "name": "POLICIES@BABY.VL", "distinguishedname": "CN=POLICIES,CN=SYSTEM,DC=BABY,DC=VL", "domainsid": "S-1-5-21-1407081343-4001094062-1444647654", "highvalue": false, "description": "", "whencreated": 1637506191}, "IsDeleted": false, "IsACLProtected": false, "Aces": [{"RightName": "Owns", "IsInherited": false, "PrincipalSID": "S-1-5-21-1407081343-4001094062-1444647654-512", "PrincipalType": "Group"}, {"RightName": "WriteOwner", "IsInherited": false, "PrincipalSID": "S-1-5-21-1407081343-4001094062-1444647654-512", "PrincipalType": "Group"}, {"RightName": "WriteDacl", "IsInherited": false, "PrincipalSID": "S-1-5-21-1407081343-4001094062-1444647654-512", "PrincipalType": "Group"}, {"RightName": "GenericAll", "IsInherited": true, "PrincipalSID": "S-1-5-21-1407081343-4001094062-1444647654-519", "PrincipalType": "Group"}, {"RightName": "WriteOwner", "IsInherited": true, "PrincipalSID": "BABY.VL-S-1-5-32-544", "PrincipalType": "Group"}, {"RightName": "WriteDacl", "IsInherited": true, "PrincipalSID": "BABY.VL-S-1-5-32-544", "PrincipalType": "Group"}], "ChildObjects": []},{"ObjectIdentifier": "1318DD77-3EF0-456F-B482-D10315D68958", "Properties": {"domain": "BABY.VL", "name": "MEETINGS@BABY.VL", "distinguishedname": "CN=MEETINGS,CN=SYSTEM,DC=BABY,DC=VL", "domainsid": "S-1-5-21-1407081343-4001094062-1444647654", "highvalue": false, "description": "", "whencreated": 1637506191}, "IsDeleted": false, "IsACLProtected": false, "Aces": [{"RightName": "Owns", "IsInherited": false, "PrincipalSID": "S-1-5-21-1407081343-4001094062-1444647654-512", "PrincipalType": "Group"}, {"RightName": "WriteOwner", "IsInherited": false, "PrincipalSID": "S-1-5-21-1407081343-4001094062-1444647654-512", "PrincipalType": "Group"}, {"RightName": "WriteDacl", "IsInherited": false, "PrincipalSID": "S-1-5-21-1407081343-4001094062-1444647654-512", "PrincipalType": "Group"}, {"RightName": "GenericAll", "IsInherited": true, "PrincipalSID": "S-1-5-21-1407081343-4001094062-1444647654-519", "PrincipalType": "Group"}, {"RightName": "WriteOwner", "IsInherited": true, "PrincipalSID": "BABY.VL-S-1-5-32-544", "PrincipalType": "Group"}, {"RightName": "WriteDacl", "IsInherited": true, "PrincipalSID": "BABY.VL-S-1-5-32-544", "PrincipalType": "Group"}], "ChildObjects": []},{"ObjectIdentifier": "2DF6FB68-D17D-41D2-B851-1E43EF002A2C", "Properties": {"domain": "BABY.VL", "name": "WINSOCKSERVICES@BABY.VL", "distinguishedname": "CN=WINSOCKSERVICES,CN=SYSTEM,DC=BABY,DC=VL", "domainsid": "S-1-5-21-1407081343-4001094062-1444647654", "highvalue": false, "description": "", "whencreated": 1637506191}, "IsDeleted": false, "IsACLProtected": false, "Aces": [{"RightName": "Owns", "IsInherited": false, "PrincipalSID": "S-1-5-21-1407081343-4001094062-1444647654-512", "PrincipalType": "Group"}, {"RightName": "WriteOwner", "IsInherited": false, "PrincipalSID": "S-1-5-21-1407081343-4001094062-1444647654-512", "PrincipalType": "Group"}, {"RightName": "WriteDacl", "IsInherited": false, "PrincipalSID": "S-1-5-21-1407081343-4001094062-1444647654-512", "PrincipalType": "Group"}, {"RightName": "GenericAll", "IsInherited": true, "PrincipalSID": "S-1-5-21-1407081343-4001094062-1444647654-519", "PrincipalType": "Group"}, {"RightName": "WriteOwner", "IsInherited": true, "PrincipalSID": "BABY.VL-S-1-5-32-544", "PrincipalType": "Group"}, {"RightName": "WriteDacl", "IsInherited": true, "PrincipalSID": "BABY.VL-S-1-5-32-544", "PrincipalType": "Group"}], "ChildObjects": []},{"ObjectIdentifier": "A5F41521-B358-48DF-A8FB-5B46E4CB95AA", "Properties": {"domain": "BABY.VL", "name": "MANAGED SERVICE ACCOUNTS@BABY.VL", "distinguishedname": "CN=MANAGED SERVICE ACCOUNTS,DC=BABY,DC=VL", "domainsid": "S-1-5-21-1407081343-4001094062-1444647654", "highvalue": false, "description": "Default container for managed service accounts", "whencreated": 1637506192}, "IsDeleted": false, "IsACLProtected": false, "Aces": [{"RightName": "Owns", "IsInherited": false, "PrincipalSID": "S-1-5-21-1407081343-4001094062-1444647654-512", "PrincipalType": "Group"}, {"RightName": "WriteOwner", "IsInherited": false, "PrincipalSID": "S-1-5-21-1407081343-4001094062-1444647654-512", "PrincipalType": "Group"}, {"RightName": "WriteDacl", "IsInherited": false, "PrincipalSID": "S-1-5-21-1407081343-4001094062-1444647654-512", "PrincipalType": "Group"}, {"RightName": "GenericAll", "IsInherited": true, "PrincipalSID": "S-1-5-21-1407081343-4001094062-1444647654-519", "PrincipalType": "Group"}, {"RightName": "WriteOwner", "IsInherited": true, "PrincipalSID": "BABY.VL-S-1-5-32-544", "PrincipalType": "Group"}, {"RightName": "WriteDacl", "IsInherited": true, "PrincipalSID": "BABY.VL-S-1-5-32-544", "PrincipalType": "Group"}], "ChildObjects": []},{"ObjectIdentifier": "CFC745D4-F031-47C8-B773-24F471C8A03C", "Properties": {"domain": "BABY.VL", "name": "MICROSOFT@BABY.VL", "distinguishedname": "CN=MICROSOFT,CN=PROGRAM DATA,DC=BABY,DC=VL", "domainsid": "S-1-5-21-1407081343-4001094062-1444647654", "highvalue": false, "description": "Default location for storage of Microsoft application data.", "whencreated": 1637506192}, "IsDeleted": false, "IsACLProtected": false, "Aces": [{"RightName": "Owns", "IsInherited": false, "PrincipalSID": "S-1-5-21-1407081343-4001094062-1444647654-512", "PrincipalType": "Group"}, {"RightName": "GenericAll", "IsInherited": false, "PrincipalSID": "S-1-5-21-1407081343-4001094062-1444647654-512", "PrincipalType": "Group"}, {"RightName": "GenericAll", "IsInherited": true, "PrincipalSID": "S-1-5-21-1407081343-4001094062-1444647654-519", "PrincipalType": "Group"}, {"RightName": "WriteOwner", "IsInherited": true, "PrincipalSID": "BABY.VL-S-1-5-32-544", "PrincipalType": "Group"}, {"RightName": "WriteDacl", "IsInherited": true, "PrincipalSID": "BABY.VL-S-1-5-32-544", "PrincipalType": "Group"}], "ChildObjects": []},{"ObjectIdentifier": "12B76AF9-83F3-4DE2-B7F1-94F75DC37B9F", "Properties": {"domain": "BABY.VL", "name": "PROGRAM DATA@BABY.VL", "distinguishedname": "CN=PROGRAM DATA,DC=BABY,DC=VL", "domainsid": "S-1-5-21-1407081343-4001094062-1444647654", "highvalue": false, "description": "Default location for storage of application data.", "whencreated": 1637506192}, "IsDeleted": false, "IsACLProtected": false, "Aces": [{"RightName": "Owns", "IsInherited": false, "PrincipalSID": "S-1-5-21-1407081343-4001094062-1444647654-512", "PrincipalType": "Group"}, {"RightName": "GenericAll", "IsInherited": false, "PrincipalSID": "S-1-5-21-1407081343-4001094062-1444647654-512", "PrincipalType": "Group"}, {"RightName": "GenericAll", "IsInherited": true, "PrincipalSID": "S-1-5-21-1407081343-4001094062-1444647654-519", "PrincipalType": "Group"}, {"RightName": "WriteOwner", "IsInherited": true, "PrincipalSID": "BABY.VL-S-1-5-32-544", "PrincipalType": "Group"}, {"RightName": "WriteDacl", "IsInherited": true, "PrincipalSID": "BABY.VL-S-1-5-32-544", "PrincipalType": "Group"}], "ChildObjects": []},{"ObjectIdentifier": "DD6B1D0B-3AB8-48C4-AC05-74BC27ED822A", "Properties": {"domain": "BABY.VL", "name": "FOREIGNSECURITYPRINCIPALS@BABY.VL", "distinguishedname": "CN=FOREIGNSECURITYPRINCIPALS,DC=BABY,DC=VL", "domainsid": "S-1-5-21-1407081343-4001094062-1444647654", "highvalue": false, "description": "Default container for security identifiers (SIDs) associated with objects from external, trusted domains", "whencreated": 1637506192}, "IsDeleted": false, "IsACLProtected": false, "Aces": [{"RightName": "Owns", "IsInherited": false, "PrincipalSID": "S-1-5-21-1407081343-4001094062-1444647654-512", "PrincipalType": "Group"}, {"RightName": "GenericAll", "IsInherited": false, "PrincipalSID": "S-1-5-21-1407081343-4001094062-1444647654-512", "PrincipalType": "Group"}, {"RightName": "GenericAll", "IsInherited": true, "PrincipalSID": "S-1-5-21-1407081343-4001094062-1444647654-519", "PrincipalType": "Group"}, {"RightName": "WriteOwner", "IsInherited": true, "PrincipalSID": "BABY.VL-S-1-5-32-544", "PrincipalType": "Group"}, {"RightName": "WriteDacl", "IsInherited": true, "PrincipalSID": "BABY.VL-S-1-5-32-544", "PrincipalType": "Group"}], "ChildObjects": []},{"ObjectIdentifier": "C775B6E6-6B8C-43A6-9B79-AA4C21AA9C71", "Properties": {"domain": "BABY.VL", "name": "SYSTEM@BABY.VL", "distinguishedname": "CN=SYSTEM,DC=BABY,DC=VL", "domainsid": "S-1-5-21-1407081343-4001094062-1444647654", "highvalue": false, "description": "Builtin system settings", "whencreated": 1637506191}, "IsDeleted": false, "IsACLProtected": false, "Aces": [{"RightName": "Owns", "IsInherited": false, "PrincipalSID": "S-1-5-21-1407081343-4001094062-1444647654-512", "PrincipalType": "Group"}, {"RightName": "WriteOwner", "IsInherited": false, "PrincipalSID": "S-1-5-21-1407081343-4001094062-1444647654-512", "PrincipalType": "Group"}, {"RightName": "WriteDacl", "IsInherited": false, "PrincipalSID": "S-1-5-21-1407081343-4001094062-1444647654-512", "PrincipalType": "Group"}, {"RightName": "GenericAll", "IsInherited": true, "PrincipalSID": "S-1-5-21-1407081343-4001094062-1444647654-519", "PrincipalType": "Group"}, {"RightName": "WriteOwner", "IsInherited": true, "PrincipalSID": "BABY.VL-S-1-5-32-544", "PrincipalType": "Group"}, {"RightName": "WriteDacl", "IsInherited": true, "PrincipalSID": "BABY.VL-S-1-5-32-544", "PrincipalType": "Group"}], "ChildObjects": []},{"ObjectIdentifier": "869A94EA-463E-4FD0-9EBE-0D9C88171119", "Properties": {"domain": "BABY.VL", "name": "COMPUTERS@BABY.VL", "distinguishedname": "CN=COMPUTERS,DC=BABY,DC=VL", "domainsid": "S-1-5-21-1407081343-4001094062-1444647654", "highvalue": false, "description": "Default container for upgraded computer accounts", "whencreated": 1637506191}, "IsDeleted": false, "IsACLProtected": false, "Aces": [{"RightName": "Owns", "IsInherited": false, "PrincipalSID": "S-1-5-21-1407081343-4001094062-1444647654-512", "PrincipalType": "Group"}, {"RightName": "WriteOwner", "IsInherited": false, "PrincipalSID": "S-1-5-21-1407081343-4001094062-1444647654-512", "PrincipalType": "Group"}, {"RightName": "WriteDacl", "IsInherited": false, "PrincipalSID": "S-1-5-21-1407081343-4001094062-1444647654-512", "PrincipalType": "Group"}, {"RightName": "GenericAll", "IsInherited": true, "PrincipalSID": "S-1-5-21-1407081343-4001094062-1444647654-519", "PrincipalType": "Group"}, {"RightName": "WriteOwner", "IsInherited": true, "PrincipalSID": "BABY.VL-S-1-5-32-544", "PrincipalType": "Group"}, {"RightName": "WriteDacl", "IsInherited": true, "PrincipalSID": "BABY.VL-S-1-5-32-544", "PrincipalType": "Group"}], "ChildObjects": []},{"ObjectIdentifier": "C57931CA-0596-4D9A-9145-E88730DF364D", "Properties": {"domain": "BABY.VL", "name": "USERS@BABY.VL", "distinguishedname": "CN=USERS,DC=BABY,DC=VL", "domainsid": "S-1-5-21-1407081343-4001094062-1444647654", "highvalue": false, "description": "Default container for upgraded user accounts", "whencreated": 1637506191}, "IsDeleted": false, "IsACLProtected": false, "Aces": [{"RightName": "Owns", "IsInherited": false, "PrincipalSID": "S-1-5-21-1407081343-4001094062-1444647654-512", "PrincipalType": "Group"}, {"RightName": "WriteOwner", "IsInherited": false, "PrincipalSID": "S-1-5-21-1407081343-4001094062-1444647654-512", "PrincipalType": "Group"}, {"RightName": "WriteDacl", "IsInherited": false, "PrincipalSID": "S-1-5-21-1407081343-4001094062-1444647654-512", "PrincipalType": "Group"}, {"RightName": "GenericAll", "IsInherited": true, "PrincipalSID": "S-1-5-21-1407081343-4001094062-1444647654-519", "PrincipalType": "Group"}, {"RightName": "WriteOwner", "IsInherited": true, "PrincipalSID": "BABY.VL-S-1-5-32-544", "PrincipalType": "Group"}, {"RightName": "WriteDacl", "IsInherited": true, "PrincipalSID": "BABY.VL-S-1-5-32-544", "PrincipalType": "Group"}], "ChildObjects": [{"ObjectIdentifier": "S-1-5-21-1407081343-4001094062-1444647654-518", "ObjectType": "Group"}, {"ObjectIdentifier": "S-1-5-21-1407081343-4001094062-1444647654-521", "ObjectType": "Group"}, {"ObjectIdentifier": "S-1-5-21-1407081343-4001094062-1444647654-553", "ObjectType": "Group"}, {"ObjectIdentifier": "S-1-5-21-1407081343-4001094062-1444647654-525", "ObjectType": "Group"}, {"ObjectIdentifier": "S-1-5-21-1407081343-4001094062-1444647654-502", "ObjectType": "User"}, {"ObjectIdentifier": "S-1-5-21-1407081343-4001094062-1444647654-526", "ObjectType": "Group"}, {"ObjectIdentifier": "S-1-5-21-1407081343-4001094062-1444647654-1109", "ObjectType": "Group"}, {"ObjectIdentifier": "S-1-5-21-1407081343-4001094062-1444647654-501", "ObjectType": "User"}, {"ObjectIdentifier": "S-1-5-21-1407081343-4001094062-1444647654-520", "ObjectType": "Group"}, {"ObjectIdentifier": "S-1-5-21-1407081343-4001094062-1444647654-498", "ObjectType": "Group"}, {"ObjectIdentifier": "S-1-5-21-1407081343-4001094062-1444647654-527", "ObjectType": "Group"}, {"ObjectIdentifier": "S-1-5-21-1407081343-4001094062-1444647654-519", "ObjectType": "Group"}, {"ObjectIdentifier": "S-1-5-21-1407081343-4001094062-1444647654-513", "ObjectType": "Group"}, {"ObjectIdentifier": "S-1-5-21-1407081343-4001094062-1444647654-514", "ObjectType": "Group"}, {"ObjectIdentifier": "S-1-5-21-1407081343-4001094062-1444647654-516", "ObjectType": "Group"}, {"ObjectIdentifier": "S-1-5-21-1407081343-4001094062-1444647654-515", "ObjectType": "Group"}, {"ObjectIdentifier": "S-1-5-21-1407081343-4001094062-1444647654-512", "ObjectType": "Group"}, {"ObjectIdentifier": "S-1-5-21-1407081343-4001094062-1444647654-1102", "ObjectType": "Group"}, {"ObjectIdentifier": "S-1-5-21-1407081343-4001094062-1444647654-1101", "ObjectType": "Group"}, {"ObjectIdentifier": "S-1-5-21-1407081343-4001094062-1444647654-1103", "ObjectType": "Group"}, {"ObjectIdentifier": "S-1-5-21-1407081343-4001094062-1444647654-572", "ObjectType": "Group"}, {"ObjectIdentifier": "S-1-5-21-1407081343-4001094062-1444647654-522", "ObjectType": "Group"}, {"ObjectIdentifier": "S-1-5-21-1407081343-4001094062-1444647654-517", "ObjectType": "Group"}, {"ObjectIdentifier": "S-1-5-21-1407081343-4001094062-1444647654-571", "ObjectType": "Group"}, {"ObjectIdentifier": "S-1-5-21-1407081343-4001094062-1444647654-500", "ObjectType": "User"}]}],"meta":{"methods":0,"type":"containers","count":19, "version":5}}