{"data":[{"ObjectIdentifier": "F39EF200-0320-4748-8F56-1D00828811D5", "Properties": {"domain": "BABY.VL", "name": "DEFAULT DOMAIN CONTROLLERS POLICY@BABY.VL", "distinguishedname": "CN={6AC1786C-016F-11D2-945F-00C04FB984F9},CN=POLICIES,CN=SYSTEM,DC=BABY,DC=VL", "domainsid": "S-1-5-21-1407081343-4001094062-1444647654", "highvalue": false, "gpcpath": "\\\\BABY.VL\\SYSVOL\\BABY.VL\\POLICIES\\{6AC1786C-016F-11D2-945F-00C04FB984F9}", "description": "", "whencreated": 1637506191}, "IsDeleted": false, "IsACLProtected": true, "Aces": [{"RightName": "Owns", "IsInherited": false, "PrincipalSID": "S-1-5-21-1407081343-4001094062-1444647654-512", "PrincipalType": "Group"}, {"RightName": "GenericWrite", "IsInherited": false, "PrincipalSID": "S-1-5-21-1407081343-4001094062-1444647654-512", "PrincipalType": "Group"}, {"RightName": "WriteOwner", "IsInherited": false, "PrincipalSID": "S-1-5-21-1407081343-4001094062-1444647654-512", "PrincipalType": "Group"}, {"RightName": "WriteDacl", "IsInherited": false, "PrincipalSID": "S-1-5-21-1407081343-4001094062-1444647654-512", "PrincipalType": "Group"}, {"RightName": "GenericWrite", "IsInherited": false, "PrincipalSID": "S-1-5-21-1407081343-4001094062-1444647654-519", "PrincipalType": "Group"}, {"RightName": "WriteOwner", "IsInherited": false, "PrincipalSID": "S-1-5-21-1407081343-4001094062-1444647654-519", "PrincipalType": "Group"}, {"RightName": "WriteDacl", "IsInherited": false, "PrincipalSID": "S-1-5-21-1407081343-4001094062-1444647654-519", "PrincipalType": "Group"}, {"RightName": "GenericWrite", "IsInherited": false, "PrincipalSID": "S-1-5-21-1407081343-4001094062-1444647654-512", "PrincipalType": "Group"}, {"RightName": "WriteOwner", "IsInherited": false, "PrincipalSID": "S-1-5-21-1407081343-4001094062-1444647654-512", "PrincipalType": "Group"}, {"RightName": "WriteDacl", "IsInherited": false, "PrincipalSID": "S-1-5-21-1407081343-4001094062-1444647654-512", "PrincipalType": "Group"}]},{"ObjectIdentifier": "CE444128-CA87-404C-8561-958ADF9E81C7", "Properties": {"domain": "BABY.VL", "name": "DEFAULT DOMAIN POLICY@BABY.VL", "distinguishedname": "CN={31B2F340-016D-11D2-945F-00C04FB984F9},CN=POLICIES,CN=SYSTEM,DC=BABY,DC=VL", "domainsid": "S-1-5-21-1407081343-4001094062-1444647654", "highvalue": false, "gpcpath": "\\\\BABY.VL\\SYSVOL\\BABY.VL\\POLICIES\\{31B2F340-016D-11D2-945F-00C04FB984F9}", "description": "", "whencreated": 1637506191}, "IsDeleted": false, "IsACLProtected": true, "Aces": [{"RightName": "Owns", "IsInherited": false, "PrincipalSID": "S-1-5-21-1407081343-4001094062-1444647654-512", "PrincipalType": "Group"}, {"RightName": "GenericWrite", "IsInherited": false, "PrincipalSID": "S-1-5-21-1407081343-4001094062-1444647654-512", "PrincipalType": "Group"}, {"RightName": "WriteOwner", "IsInherited": false, "PrincipalSID": "S-1-5-21-1407081343-4001094062-1444647654-512", "PrincipalType": "Group"}, {"RightName": "WriteDacl", "IsInherited": false, "PrincipalSID": "S-1-5-21-1407081343-4001094062-1444647654-512", "PrincipalType": "Group"}, {"RightName": "GenericWrite", "IsInherited": false, "PrincipalSID": "S-1-5-21-1407081343-4001094062-1444647654-519", "PrincipalType": "Group"}, {"RightName": "WriteOwner", "IsInherited": false, "PrincipalSID": "S-1-5-21-1407081343-4001094062-1444647654-519", "PrincipalType": "Group"}, {"RightName": "WriteDacl", "IsInherited": false, "PrincipalSID": "S-1-5-21-1407081343-4001094062-1444647654-519", "PrincipalType": "Group"}, {"RightName": "GenericWrite", "IsInherited": false, "PrincipalSID": "S-1-5-21-1407081343-4001094062-1444647654-512", "PrincipalType": "Group"}, {"RightName": "WriteOwner", "IsInherited": false, "PrincipalSID": "S-1-5-21-1407081343-4001094062-1444647654-512", "PrincipalType": "Group"}, {"RightName": "WriteDacl", "IsInherited": false, "PrincipalSID": "S-1-5-21-1407081343-4001094062-1444647654-512", "PrincipalType": "Group"}]}],"meta":{"methods":0,"type":"gpos","count":2, "version":5}}