{"data":[{"ObjectIdentifier": "9782D446-4B37-4BC0-9B02-F051ACD4CDC7", "Properties": {"domain": "BABY.VL", "name": "IT@BABY.VL", "distinguishedname": "OU=IT,DC=BABY,DC=VL", "domainsid": "S-1-5-21-1407081343-4001094062-1444647654", "highvalue": false, "blocksinheritance": false, "description": null, "whencreated": 1637507468}, "IsDeleted": false, "IsACLProtected": false, "Aces": [{"RightName": "Owns", "IsInherited": false, "PrincipalSID": "S-1-5-21-1407081343-4001094062-1444647654-512", "PrincipalType": "Group"}, {"RightName": "GenericAll", "IsInherited": false, "PrincipalSID": "S-1-5-21-1407081343-4001094062-1444647654-512", "PrincipalType": "Group"}, {"RightName": "GenericAll", "IsInherited": true, "PrincipalSID": "S-1-5-21-1407081343-4001094062-1444647654-519", "PrincipalType": "Group"}, {"RightName": "GenericWrite", "IsInherited": true, "PrincipalSID": "BABY.VL-S-1-5-32-544", "PrincipalType": "Group"}, {"RightName": "WriteOwner", "IsInherited": true, "PrincipalSID": "BABY.VL-S-1-5-32-544", "PrincipalType": "Group"}, {"RightName": "WriteDacl", "IsInherited": true, "PrincipalSID": "BABY.VL-S-1-5-32-544", "PrincipalType": "Group"}], "Links": [], "ChildObjects": [{"ObjectIdentifier": "S-1-5-21-1407081343-4001094062-1444647654-1114", "ObjectType": "User"}, {"ObjectIdentifier": "S-1-5-21-1407081343-4001094062-1444647654-1113", "ObjectType": "User"}, {"ObjectIdentifier": "S-1-5-21-1407081343-4001094062-1444647654-1112", "ObjectType": "User"}, {"ObjectIdentifier": "S-1-5-21-1407081343-4001094062-1444647654-1110", "ObjectType": "User"}, {"ObjectIdentifier": "S-1-5-21-1407081343-4001094062-1444647654-1115", "ObjectType": "User"}], "GPOChanges": {"AffectedComputers": [], "DcomUsers": [], "LocalAdmins": [], "PSRemoteUsers": [], "RemoteDesktopUsers": []}},{"ObjectIdentifier": "85A57696-38EA-4D83-B813-8C18CE55D63A", "Properties": {"domain": "BABY.VL", "name": "DEV@BABY.VL", "distinguishedname": "OU=DEV,DC=BABY,DC=VL", "domainsid": "S-1-5-21-1407081343-4001094062-1444647654", "highvalue": false, "blocksinheritance": false, "description": null, "whencreated": 1637507462}, "IsDeleted": false, "IsACLProtected": false, "Aces": [{"RightName": "Owns", "IsInherited": false, "PrincipalSID": "S-1-5-21-1407081343-4001094062-1444647654-512", "PrincipalType": "Group"}, {"RightName": "GenericAll", "IsInherited": false, "PrincipalSID": "S-1-5-21-1407081343-4001094062-1444647654-512", "PrincipalType": "Group"}, {"RightName": "GenericAll", "IsInherited": true, "PrincipalSID": "S-1-5-21-1407081343-4001094062-1444647654-519", "PrincipalType": "Group"}, {"RightName": "GenericWrite", "IsInherited": true, "PrincipalSID": "BABY.VL-S-1-5-32-544", "PrincipalType": "Group"}, {"RightName": "WriteOwner", "IsInherited": true, "PrincipalSID": "BABY.VL-S-1-5-32-544", "PrincipalType": "Group"}, {"RightName": "WriteDacl", "IsInherited": true, "PrincipalSID": "BABY.VL-S-1-5-32-544", "PrincipalType": "Group"}], "Links": [], "ChildObjects": [{"ObjectIdentifier": "S-1-5-21-1407081343-4001094062-1444647654-1107", "ObjectType": "User"}, {"ObjectIdentifier": "S-1-5-21-1407081343-4001094062-1444647654-1104", "ObjectType": "User"}, {"ObjectIdentifier": "S-1-5-21-1407081343-4001094062-1444647654-1108", "ObjectType": "User"}, {"ObjectIdentifier": "S-1-5-21-1407081343-4001094062-1444647654-1106", "ObjectType": "User"}, {"ObjectIdentifier": "S-1-5-21-1407081343-4001094062-1444647654-1105", "ObjectType": "User"}], "GPOChanges": {"AffectedComputers": [], "DcomUsers": [], "LocalAdmins": [], "PSRemoteUsers": [], "RemoteDesktopUsers": []}},{"ObjectIdentifier": "2715E100-6660-491C-8668-7F12A7BE160E", "Properties": {"domain": "BABY.VL", "name": "DOMAIN CONTROLLERS@BABY.VL", "distinguishedname": "OU=DOMAIN CONTROLLERS,DC=BABY,DC=VL", "domainsid": "S-1-5-21-1407081343-4001094062-1444647654", "highvalue": false, "blocksinheritance": false, "description": "Default container for domain controllers", "whencreated": 1637506192}, "IsDeleted": false, "IsACLProtected": false, "Aces": [{"RightName": "Owns", "IsInherited": false, "PrincipalSID": "S-1-5-21-1407081343-4001094062-1444647654-512", "PrincipalType": "Group"}, {"RightName": "GenericWrite", "IsInherited": false, "PrincipalSID": "S-1-5-21-1407081343-4001094062-1444647654-512", "PrincipalType": "Group"}, {"RightName": "WriteOwner", "IsInherited": false, "PrincipalSID": "S-1-5-21-1407081343-4001094062-1444647654-512", "PrincipalType": "Group"}, {"RightName": "WriteDacl", "IsInherited": false, "PrincipalSID": "S-1-5-21-1407081343-4001094062-1444647654-512", "PrincipalType": "Group"}, {"RightName": "GenericAll", "IsInherited": true, "PrincipalSID": "S-1-5-21-1407081343-4001094062-1444647654-519", "PrincipalType": "Group"}, {"RightName": "GenericWrite", "IsInherited": true, "PrincipalSID": "BABY.VL-S-1-5-32-544", "PrincipalType": "Group"}, {"RightName": "WriteOwner", "IsInherited": true, "PrincipalSID": "BABY.VL-S-1-5-32-544", "PrincipalType": "Group"}, {"RightName": "WriteDacl", "IsInherited": true, "PrincipalSID": "BABY.VL-S-1-5-32-544", "PrincipalType": "Group"}], "Links": [{"IsEnforced": false, "GUID": "F39EF200-0320-4748-8F56-1D00828811D5"}], "ChildObjects": [{"ObjectIdentifier": "S-1-5-21-1407081343-4001094062-1444647654-1000", "ObjectType": "Computer"}], "GPOChanges": {"AffectedComputers": [], "DcomUsers": [], "LocalAdmins": [], "PSRemoteUsers": [], "RemoteDesktopUsers": []}}],"meta":{"methods":0,"type":"ous","count":3, "version":5}}