{"data":[{"AllowedToDelegate": [], "ObjectIdentifier": "BABY.VL-S-1-5-20", "PrimaryGroupSID": null, "Properties": {"domain": "BABY.VL", "domainsid": "S-1-5-21-1407081343-4001094062-1444647654", "name": "NT AUTHORITY@BABY.VL"}, "Aces": [], "SPNTargets": [], "HasSIDHistory": [], "IsDeleted": false, "IsACLProtected": false},{"AllowedToDelegate": [], "ObjectIdentifier": "S-1-5-21-1407081343-4001094062-1444647654-1115", "PrimaryGroupSID": "S-1-5-21-1407081343-4001094062-1444647654-513", "Properties": {"name": "CAROLINE.ROBINSON@BABY.VL", "domain": "BABY.VL", "domainsid": "S-1-5-21-1407081343-4001094062-1444647654", "distinguishedname": "CN=CAROLINE ROBINSON,OU=IT,DC=BABY,DC=VL", "unconstraineddelegation": false, "trustedtoauth": false, "passwordnotreqd": false, "enabled": true, "lastlogon": 1770493044, "lastlogontimestamp": 1770489522, "pwdlastset": 1770489328, "dontreqpreauth": false, "pwdneverexpires": false, "sensitive": false, "serviceprincipalnames": [], "hasspn": false, "displayname": "Caroline Robinson", "email": null, "title": null, "homedirectory": null, "description": null, "userpassword": null, "admincount": true, "sidhistory": [], "whencreated": 1722072320, "unixpassword": null, "unicodepassword": null, "logonscript": null, "samaccountname": "Caroline.Robinson", "sfupassword": null}, "Aces": [{"RightName": "Owns", "IsInherited": false, "PrincipalSID": "S-1-5-21-1407081343-4001094062-1444647654-512", "PrincipalType": "Group"}, {"RightName": "GenericWrite", "IsInherited": false, "PrincipalSID": "S-1-5-21-1407081343-4001094062-1444647654-512", "PrincipalType": "Group"}, {"RightName": "WriteOwner", "IsInherited": false, "PrincipalSID": "S-1-5-21-1407081343-4001094062-1444647654-512", "PrincipalType": "Group"}, {"RightName": "AllExtendedRights", "IsInherited": false, "PrincipalSID": "S-1-5-21-1407081343-4001094062-1444647654-512", "PrincipalType": "Group"}, {"RightName": "WriteDacl", "IsInherited": false, "PrincipalSID": "S-1-5-21-1407081343-4001094062-1444647654-512", "PrincipalType": "Group"}, {"RightName": "GenericWrite", "IsInherited": false, "PrincipalSID": "S-1-5-21-1407081343-4001094062-1444647654-519", "PrincipalType": "Group"}, {"RightName": "WriteOwner", "IsInherited": false, "PrincipalSID": "S-1-5-21-1407081343-4001094062-1444647654-519", "PrincipalType": "Group"}, {"RightName": "AllExtendedRights", "IsInherited": false, "PrincipalSID": "S-1-5-21-1407081343-4001094062-1444647654-519", "PrincipalType": "Group"}, {"RightName": "WriteDacl", "IsInherited": false, "PrincipalSID": "S-1-5-21-1407081343-4001094062-1444647654-519", "PrincipalType": "Group"}, {"RightName": "GenericWrite", "IsInherited": false, "PrincipalSID": "BABY.VL-S-1-5-32-544", "PrincipalType": "Group"}, {"RightName": "WriteOwner", "IsInherited": false, "PrincipalSID": "BABY.VL-S-1-5-32-544", "PrincipalType": "Group"}, {"RightName": "AllExtendedRights", "IsInherited": false, "PrincipalSID": "BABY.VL-S-1-5-32-544", "PrincipalType": "Group"}, {"RightName": "WriteDacl", "IsInherited": false, "PrincipalSID": "BABY.VL-S-1-5-32-544", "PrincipalType": "Group"}], "SPNTargets": [], "HasSIDHistory": [], "IsDeleted": false, "IsACLProtected": true},{"AllowedToDelegate": [], "ObjectIdentifier": "S-1-5-21-1407081343-4001094062-1444647654-1114", "PrimaryGroupSID": "S-1-5-21-1407081343-4001094062-1444647654-513", "Properties": {"name": "TERESA.BELL@BABY.VL", "domain": "BABY.VL", "domainsid": "S-1-5-21-1407081343-4001094062-1444647654", "distinguishedname": "CN=TERESA BELL,OU=IT,DC=BABY,DC=VL", "unconstraineddelegation": false, "trustedtoauth": false, "passwordnotreqd": true, "enabled": true, "lastlogon": 0, "lastlogontimestamp": -1, "pwdlastset": 1637507677, "dontreqpreauth": false, "pwdneverexpires": true, "sensitive": false, "serviceprincipalnames": [], "hasspn": false, "displayname": "Teresa Bell", "email": null, "title": null, "homedirectory": null, "description": "Set initial password to BabyStart123!", "userpassword": null, "admincount": false, "sidhistory": [], "whencreated": 1637507468, "unixpassword": null, "unicodepassword": null, "logonscript": null, "samaccountname": "Teresa.Bell", "sfupassword": null}, "Aces": [{"RightName": "Owns", "IsInherited": false, "PrincipalSID": "S-1-5-21-1407081343-4001094062-1444647654-512", "PrincipalType": "Group"}, {"RightName": "GenericAll", "IsInherited": false, "PrincipalSID": "S-1-5-21-1407081343-4001094062-1444647654-512", "PrincipalType": "Group"}, {"RightName": "GenericAll", "IsInherited": false, "PrincipalSID": "BABY.VL-S-1-5-32-548", "PrincipalType": "Group"}, {"RightName": "AddKeyCredentialLink", "IsInherited": true, "PrincipalSID": "S-1-5-21-1407081343-4001094062-1444647654-526", "PrincipalType": "Group"}, {"RightName": "AddKeyCredentialLink", "IsInherited": true, "PrincipalSID": "S-1-5-21-1407081343-4001094062-1444647654-527", "PrincipalType": "Group"}, {"RightName": "GenericAll", "IsInherited": true, "PrincipalSID": "S-1-5-21-1407081343-4001094062-1444647654-519", "PrincipalType": "Group"}, {"RightName": "GenericWrite", "IsInherited": true, "PrincipalSID": "BABY.VL-S-1-5-32-544", "PrincipalType": "Group"}, {"RightName": "WriteOwner", "IsInherited": true, "PrincipalSID": "BABY.VL-S-1-5-32-544", "PrincipalType": "Group"}, {"RightName": "AllExtendedRights", "IsInherited": true, "PrincipalSID": "BABY.VL-S-1-5-32-544", "PrincipalType": "Group"}, {"RightName": "WriteDacl", "IsInherited": true, "PrincipalSID": "BABY.VL-S-1-5-32-544", "PrincipalType": "Group"}], "SPNTargets": [], "HasSIDHistory": [], "IsDeleted": false, "IsACLProtected": false},{"AllowedToDelegate": [], "ObjectIdentifier": "S-1-5-21-1407081343-4001094062-1444647654-1113", "PrimaryGroupSID": "S-1-5-21-1407081343-4001094062-1444647654-513", "Properties": {"name": "KERRY.WILSON@BABY.VL", "domain": "BABY.VL", "domainsid": "S-1-5-21-1407081343-4001094062-1444647654", "distinguishedname": "CN=KERRY WILSON,OU=IT,DC=BABY,DC=VL", "unconstraineddelegation": false, "trustedtoauth": false, "passwordnotreqd": true, "enabled": true, "lastlogon": 0, "lastlogontimestamp": -1, "pwdlastset": 1637507468, "dontreqpreauth": false, "pwdneverexpires": true, "sensitive": false, "serviceprincipalnames": [], "hasspn": false, "displayname": "Kerry Wilson", "email": null, "title": null, "homedirectory": null, "description": null, "userpassword": null, "admincount": false, "sidhistory": [], "whencreated": 1637507468, "unixpassword": null, "unicodepassword": null, "logonscript": null, "samaccountname": "Kerry.Wilson", "sfupassword": null}, "Aces": [{"RightName": "Owns", "IsInherited": false, "PrincipalSID": "S-1-5-21-1407081343-4001094062-1444647654-512", "PrincipalType": "Group"}, {"RightName": "GenericAll", "IsInherited": false, "PrincipalSID": "S-1-5-21-1407081343-4001094062-1444647654-512", "PrincipalType": "Group"}, {"RightName": "GenericAll", "IsInherited": false, "PrincipalSID": "BABY.VL-S-1-5-32-548", "PrincipalType": "Group"}, {"RightName": "AddKeyCredentialLink", "IsInherited": true, "PrincipalSID": "S-1-5-21-1407081343-4001094062-1444647654-526", "PrincipalType": "Group"}, {"RightName": "AddKeyCredentialLink", "IsInherited": true, "PrincipalSID": "S-1-5-21-1407081343-4001094062-1444647654-527", "PrincipalType": "Group"}, {"RightName": "GenericAll", "IsInherited": true, "PrincipalSID": "S-1-5-21-1407081343-4001094062-1444647654-519", "PrincipalType": "Group"}, {"RightName": "GenericWrite", "IsInherited": true, "PrincipalSID": "BABY.VL-S-1-5-32-544", "PrincipalType": "Group"}, {"RightName": "WriteOwner", "IsInherited": true, "PrincipalSID": "BABY.VL-S-1-5-32-544", "PrincipalType": "Group"}, {"RightName": "AllExtendedRights", "IsInherited": true, "PrincipalSID": "BABY.VL-S-1-5-32-544", "PrincipalType": "Group"}, {"RightName": "WriteDacl", "IsInherited": true, "PrincipalSID": "BABY.VL-S-1-5-32-544", "PrincipalType": "Group"}], "SPNTargets": [], "HasSIDHistory": [], "IsDeleted": false, "IsACLProtected": false},{"AllowedToDelegate": [], "ObjectIdentifier": "S-1-5-21-1407081343-4001094062-1444647654-1112", "PrimaryGroupSID": "S-1-5-21-1407081343-4001094062-1444647654-513", "Properties": {"name": "JOSEPH.HUGHES@BABY.VL", "domain": "BABY.VL", "domainsid": "S-1-5-21-1407081343-4001094062-1444647654", "distinguishedname": "CN=JOSEPH HUGHES,OU=IT,DC=BABY,DC=VL", "unconstraineddelegation": false, "trustedtoauth": false, "passwordnotreqd": true, "enabled": true, "lastlogon": 0, "lastlogontimestamp": -1, "pwdlastset": 1637507468, "dontreqpreauth": false, "pwdneverexpires": true, "sensitive": false, "serviceprincipalnames": [], "hasspn": false, "displayname": "Joseph Hughes", "email": null, "title": null, "homedirectory": null, "description": null, "userpassword": null, "admincount": false, "sidhistory": [], "whencreated": 1637507468, "unixpassword": null, "unicodepassword": null, "logonscript": null, "samaccountname": "Joseph.Hughes", "sfupassword": null}, "Aces": [{"RightName": "Owns", "IsInherited": false, "PrincipalSID": "S-1-5-21-1407081343-4001094062-1444647654-512", "PrincipalType": "Group"}, {"RightName": "GenericAll", "IsInherited": false, "PrincipalSID": "S-1-5-21-1407081343-4001094062-1444647654-512", "PrincipalType": "Group"}, {"RightName": "GenericAll", "IsInherited": false, "PrincipalSID": "BABY.VL-S-1-5-32-548", "PrincipalType": "Group"}, {"RightName": "AddKeyCredentialLink", "IsInherited": true, "PrincipalSID": "S-1-5-21-1407081343-4001094062-1444647654-526", "PrincipalType": "Group"}, {"RightName": "AddKeyCredentialLink", "IsInherited": true, "PrincipalSID": "S-1-5-21-1407081343-4001094062-1444647654-527", "PrincipalType": "Group"}, {"RightName": "GenericAll", "IsInherited": true, "PrincipalSID": "S-1-5-21-1407081343-4001094062-1444647654-519", "PrincipalType": "Group"}, {"RightName": "GenericWrite", "IsInherited": true, "PrincipalSID": "BABY.VL-S-1-5-32-544", "PrincipalType": "Group"}, {"RightName": "WriteOwner", "IsInherited": true, "PrincipalSID": "BABY.VL-S-1-5-32-544", "PrincipalType": "Group"}, {"RightName": "AllExtendedRights", "IsInherited": true, "PrincipalSID": "BABY.VL-S-1-5-32-544", "PrincipalType": "Group"}, {"RightName": "WriteDacl", "IsInherited": true, "PrincipalSID": "BABY.VL-S-1-5-32-544", "PrincipalType": "Group"}], "SPNTargets": [], "HasSIDHistory": [], "IsDeleted": false, "IsACLProtected": false},{"AllowedToDelegate": [], "ObjectIdentifier": "S-1-5-21-1407081343-4001094062-1444647654-1110", "PrimaryGroupSID": "S-1-5-21-1407081343-4001094062-1444647654-513", "Properties": {"name": "CONNOR.WILKINSON@BABY.VL", "domain": "BABY.VL", "domainsid": "S-1-5-21-1407081343-4001094062-1444647654", "distinguishedname": "CN=CONNOR WILKINSON,OU=IT,DC=BABY,DC=VL", "unconstraineddelegation": false, "trustedtoauth": false, "passwordnotreqd": true, "enabled": true, "lastlogon": 0, "lastlogontimestamp": -1, "pwdlastset": 1637507468, "dontreqpreauth": false, "pwdneverexpires": true, "sensitive": false, "serviceprincipalnames": [], "hasspn": false, "displayname": "Connor Wilkinson", "email": null, "title": null, "homedirectory": null, "description": null, "userpassword": null, "admincount": false, "sidhistory": [], "whencreated": 1637507468, "unixpassword": null, "unicodepassword": null, "logonscript": null, "samaccountname": "Connor.Wilkinson", "sfupassword": null}, "Aces": [{"RightName": "Owns", "IsInherited": false, "PrincipalSID": "S-1-5-21-1407081343-4001094062-1444647654-512", "PrincipalType": "Group"}, {"RightName": "GenericAll", "IsInherited": false, "PrincipalSID": "S-1-5-21-1407081343-4001094062-1444647654-512", "PrincipalType": "Group"}, {"RightName": "GenericAll", "IsInherited": false, "PrincipalSID": "BABY.VL-S-1-5-32-548", "PrincipalType": "Group"}, {"RightName": "AddKeyCredentialLink", "IsInherited": true, "PrincipalSID": "S-1-5-21-1407081343-4001094062-1444647654-526", "PrincipalType": "Group"}, {"RightName": "AddKeyCredentialLink", "IsInherited": true, "PrincipalSID": "S-1-5-21-1407081343-4001094062-1444647654-527", "PrincipalType": "Group"}, {"RightName": "GenericAll", "IsInherited": true, "PrincipalSID": "S-1-5-21-1407081343-4001094062-1444647654-519", "PrincipalType": "Group"}, {"RightName": "GenericWrite", "IsInherited": true, "PrincipalSID": "BABY.VL-S-1-5-32-544", "PrincipalType": "Group"}, {"RightName": "WriteOwner", "IsInherited": true, "PrincipalSID": "BABY.VL-S-1-5-32-544", "PrincipalType": "Group"}, {"RightName": "AllExtendedRights", "IsInherited": true, "PrincipalSID": "BABY.VL-S-1-5-32-544", "PrincipalType": "Group"}, {"RightName": "WriteDacl", "IsInherited": true, "PrincipalSID": "BABY.VL-S-1-5-32-544", "PrincipalType": "Group"}], "SPNTargets": [], "HasSIDHistory": [], "IsDeleted": false, "IsACLProtected": false},{"AllowedToDelegate": [], "ObjectIdentifier": "S-1-5-21-1407081343-4001094062-1444647654-1108", "PrimaryGroupSID": "S-1-5-21-1407081343-4001094062-1444647654-513", "Properties": {"name": "IAN.WALKER@BABY.VL", "domain": "BABY.VL", "domainsid": "S-1-5-21-1407081343-4001094062-1444647654", "distinguishedname": "CN=IAN WALKER,OU=DEV,DC=BABY,DC=VL", "unconstraineddelegation": false, "trustedtoauth": false, "passwordnotreqd": true, "enabled": true, "lastlogon": 0, "lastlogontimestamp": -1, "pwdlastset": 1637507463, "dontreqpreauth": false, "pwdneverexpires": true, "sensitive": false, "serviceprincipalnames": [], "hasspn": false, "displayname": "Ian Walker", "email": null, "title": null, "homedirectory": null, "description": null, "userpassword": null, "admincount": true, "sidhistory": [], "whencreated": 1637507463, "unixpassword": null, "unicodepassword": null, "logonscript": null, "samaccountname": "Ian.Walker", "sfupassword": null}, "Aces": [{"RightName": "Owns", "IsInherited": false, "PrincipalSID": "S-1-5-21-1407081343-4001094062-1444647654-512", "PrincipalType": "Group"}, {"RightName": "GenericWrite", "IsInherited": false, "PrincipalSID": "S-1-5-21-1407081343-4001094062-1444647654-512", "PrincipalType": "Group"}, {"RightName": "WriteOwner", "IsInherited": false, "PrincipalSID": "S-1-5-21-1407081343-4001094062-1444647654-512", "PrincipalType": "Group"}, {"RightName": "AllExtendedRights", "IsInherited": false, "PrincipalSID": "S-1-5-21-1407081343-4001094062-1444647654-512", "PrincipalType": "Group"}, {"RightName": "WriteDacl", "IsInherited": false, "PrincipalSID": "S-1-5-21-1407081343-4001094062-1444647654-512", "PrincipalType": "Group"}, {"RightName": "GenericWrite", "IsInherited": false, "PrincipalSID": "S-1-5-21-1407081343-4001094062-1444647654-519", "PrincipalType": "Group"}, {"RightName": "WriteOwner", "IsInherited": false, "PrincipalSID": "S-1-5-21-1407081343-4001094062-1444647654-519", "PrincipalType": "Group"}, {"RightName": "AllExtendedRights", "IsInherited": false, "PrincipalSID": "S-1-5-21-1407081343-4001094062-1444647654-519", "PrincipalType": "Group"}, {"RightName": "WriteDacl", "IsInherited": false, "PrincipalSID": "S-1-5-21-1407081343-4001094062-1444647654-519", "PrincipalType": "Group"}, {"RightName": "GenericWrite", "IsInherited": false, "PrincipalSID": "BABY.VL-S-1-5-32-544", "PrincipalType": "Group"}, {"RightName": "WriteOwner", "IsInherited": false, "PrincipalSID": "BABY.VL-S-1-5-32-544", "PrincipalType": "Group"}, {"RightName": "AllExtendedRights", "IsInherited": false, "PrincipalSID": "BABY.VL-S-1-5-32-544", "PrincipalType": "Group"}, {"RightName": "WriteDacl", "IsInherited": false, "PrincipalSID": "BABY.VL-S-1-5-32-544", "PrincipalType": "Group"}], "SPNTargets": [], "HasSIDHistory": [], "IsDeleted": false, "IsACLProtected": true},{"AllowedToDelegate": [], "ObjectIdentifier": "S-1-5-21-1407081343-4001094062-1444647654-1107", "PrimaryGroupSID": "S-1-5-21-1407081343-4001094062-1444647654-513", "Properties": {"name": "LEONARD.DYER@BABY.VL", "domain": "BABY.VL", "domainsid": "S-1-5-21-1407081343-4001094062-1444647654", "distinguishedname": "CN=LEONARD DYER,OU=DEV,DC=BABY,DC=VL", "unconstraineddelegation": false, "trustedtoauth": false, "passwordnotreqd": true, "enabled": true, "lastlogon": 0, "lastlogontimestamp": -1, "pwdlastset": 1637507463, "dontreqpreauth": false, "pwdneverexpires": true, "sensitive": false, "serviceprincipalnames": [], "hasspn": false, "displayname": "Leonard Dyer", "email": null, "title": null, "homedirectory": null, "description": null, "userpassword": null, "admincount": false, "sidhistory": [], "whencreated": 1637507463, "unixpassword": null, "unicodepassword": null, "logonscript": null, "samaccountname": "Leonard.Dyer", "sfupassword": null}, "Aces": [{"RightName": "Owns", "IsInherited": false, "PrincipalSID": "S-1-5-21-1407081343-4001094062-1444647654-512", "PrincipalType": "Group"}, {"RightName": "GenericAll", "IsInherited": false, "PrincipalSID": "S-1-5-21-1407081343-4001094062-1444647654-512", "PrincipalType": "Group"}, {"RightName": "GenericAll", "IsInherited": false, "PrincipalSID": "BABY.VL-S-1-5-32-548", "PrincipalType": "Group"}, {"RightName": "AddKeyCredentialLink", "IsInherited": true, "PrincipalSID": "S-1-5-21-1407081343-4001094062-1444647654-526", "PrincipalType": "Group"}, {"RightName": "AddKeyCredentialLink", "IsInherited": true, "PrincipalSID": "S-1-5-21-1407081343-4001094062-1444647654-527", "PrincipalType": "Group"}, {"RightName": "GenericAll", "IsInherited": true, "PrincipalSID": "S-1-5-21-1407081343-4001094062-1444647654-519", "PrincipalType": "Group"}, {"RightName": "GenericWrite", "IsInherited": true, "PrincipalSID": "BABY.VL-S-1-5-32-544", "PrincipalType": "Group"}, {"RightName": "WriteOwner", "IsInherited": true, "PrincipalSID": "BABY.VL-S-1-5-32-544", "PrincipalType": "Group"}, {"RightName": "AllExtendedRights", "IsInherited": true, "PrincipalSID": "BABY.VL-S-1-5-32-544", "PrincipalType": "Group"}, {"RightName": "WriteDacl", "IsInherited": true, "PrincipalSID": "BABY.VL-S-1-5-32-544", "PrincipalType": "Group"}], "SPNTargets": [], "HasSIDHistory": [], "IsDeleted": false, "IsACLProtected": false},{"AllowedToDelegate": [], "ObjectIdentifier": "S-1-5-21-1407081343-4001094062-1444647654-1105", "PrimaryGroupSID": "S-1-5-21-1407081343-4001094062-1444647654-513", "Properties": {"name": "ASHLEY.WEBB@BABY.VL", "domain": "BABY.VL", "domainsid": "S-1-5-21-1407081343-4001094062-1444647654", "distinguishedname": "CN=ASHLEY WEBB,OU=DEV,DC=BABY,DC=VL", "unconstraineddelegation": false, "trustedtoauth": false, "passwordnotreqd": true, "enabled": true, "lastlogon": 0, "lastlogontimestamp": -1, "pwdlastset": 1637507463, "dontreqpreauth": false, "pwdneverexpires": true, "sensitive": false, "serviceprincipalnames": [], "hasspn": false, "displayname": "Ashley Webb", "email": null, "title": null, "homedirectory": null, "description": null, "userpassword": null, "admincount": false, "sidhistory": [], "whencreated": 1637507463, "unixpassword": null, "unicodepassword": null, "logonscript": null, "samaccountname": "Ashley.Webb", "sfupassword": null}, "Aces": [{"RightName": "Owns", "IsInherited": false, "PrincipalSID": "S-1-5-21-1407081343-4001094062-1444647654-512", "PrincipalType": "Group"}, {"RightName": "GenericAll", "IsInherited": false, "PrincipalSID": "S-1-5-21-1407081343-4001094062-1444647654-512", "PrincipalType": "Group"}, {"RightName": "GenericAll", "IsInherited": false, "PrincipalSID": "BABY.VL-S-1-5-32-548", "PrincipalType": "Group"}, {"RightName": "AddKeyCredentialLink", "IsInherited": true, "PrincipalSID": "S-1-5-21-1407081343-4001094062-1444647654-526", "PrincipalType": "Group"}, {"RightName": "AddKeyCredentialLink", "IsInherited": true, "PrincipalSID": "S-1-5-21-1407081343-4001094062-1444647654-527", "PrincipalType": "Group"}, {"RightName": "GenericAll", "IsInherited": true, "PrincipalSID": "S-1-5-21-1407081343-4001094062-1444647654-519", "PrincipalType": "Group"}, {"RightName": "GenericWrite", "IsInherited": true, "PrincipalSID": "BABY.VL-S-1-5-32-544", "PrincipalType": "Group"}, {"RightName": "WriteOwner", "IsInherited": true, "PrincipalSID": "BABY.VL-S-1-5-32-544", "PrincipalType": "Group"}, {"RightName": "AllExtendedRights", "IsInherited": true, "PrincipalSID": "BABY.VL-S-1-5-32-544", "PrincipalType": "Group"}, {"RightName": "WriteDacl", "IsInherited": true, "PrincipalSID": "BABY.VL-S-1-5-32-544", "PrincipalType": "Group"}], "SPNTargets": [], "HasSIDHistory": [], "IsDeleted": false, "IsACLProtected": false},{"AllowedToDelegate": [], "ObjectIdentifier": "S-1-5-21-1407081343-4001094062-1444647654-502", "PrimaryGroupSID": "S-1-5-21-1407081343-4001094062-1444647654-513", "Properties": {"name": "KRBTGT@BABY.VL", "domain": "BABY.VL", "domainsid": "S-1-5-21-1407081343-4001094062-1444647654", "distinguishedname": "CN=KRBTGT,CN=USERS,DC=BABY,DC=VL", "unconstraineddelegation": false, "trustedtoauth": false, "passwordnotreqd": false, "enabled": false, "lastlogon": 0, "lastlogontimestamp": -1, "pwdlastset": 1637506318, "dontreqpreauth": false, "pwdneverexpires": false, "sensitive": false, "serviceprincipalnames": ["kadmin/changepw"], "hasspn": true, "displayname": null, "email": null, "title": null, "homedirectory": null, "description": "Key Distribution Center Service Account", "userpassword": null, "admincount": true, "sidhistory": [], "whencreated": 1637506318, "unixpassword": null, "unicodepassword": null, "logonscript": null, "samaccountname": "krbtgt", "sfupassword": null}, "Aces": [{"RightName": "Owns", "IsInherited": false, "PrincipalSID": "S-1-5-21-1407081343-4001094062-1444647654-512", "PrincipalType": "Group"}, {"RightName": "GenericWrite", "IsInherited": false, "PrincipalSID": "S-1-5-21-1407081343-4001094062-1444647654-512", "PrincipalType": "Group"}, {"RightName": "WriteOwner", "IsInherited": false, "PrincipalSID": "S-1-5-21-1407081343-4001094062-1444647654-512", "PrincipalType": "Group"}, {"RightName": "AllExtendedRights", "IsInherited": false, "PrincipalSID": "S-1-5-21-1407081343-4001094062-1444647654-512", "PrincipalType": "Group"}, {"RightName": "WriteDacl", "IsInherited": false, "PrincipalSID": "S-1-5-21-1407081343-4001094062-1444647654-512", "PrincipalType": "Group"}, {"RightName": "GenericWrite", "IsInherited": false, "PrincipalSID": "S-1-5-21-1407081343-4001094062-1444647654-519", "PrincipalType": "Group"}, {"RightName": "WriteOwner", "IsInherited": false, "PrincipalSID": "S-1-5-21-1407081343-4001094062-1444647654-519", "PrincipalType": "Group"}, {"RightName": "AllExtendedRights", "IsInherited": false, "PrincipalSID": "S-1-5-21-1407081343-4001094062-1444647654-519", "PrincipalType": "Group"}, {"RightName": "WriteDacl", "IsInherited": false, "PrincipalSID": "S-1-5-21-1407081343-4001094062-1444647654-519", "PrincipalType": "Group"}, {"RightName": "GenericWrite", "IsInherited": false, "PrincipalSID": "BABY.VL-S-1-5-32-544", "PrincipalType": "Group"}, {"RightName": "WriteOwner", "IsInherited": false, "PrincipalSID": "BABY.VL-S-1-5-32-544", "PrincipalType": "Group"}, {"RightName": "AllExtendedRights", "IsInherited": false, "PrincipalSID": "BABY.VL-S-1-5-32-544", "PrincipalType": "Group"}, {"RightName": "WriteDacl", "IsInherited": false, "PrincipalSID": "BABY.VL-S-1-5-32-544", "PrincipalType": "Group"}], "SPNTargets": [], "HasSIDHistory": [], "IsDeleted": false, "IsACLProtected": true},{"AllowedToDelegate": [], "ObjectIdentifier": "S-1-5-21-1407081343-4001094062-1444647654-1104", "PrimaryGroupSID": "S-1-5-21-1407081343-4001094062-1444647654-513", "Properties": {"name": "JACQUELINE.BARNETT@BABY.VL", "domain": "BABY.VL", "domainsid": "S-1-5-21-1407081343-4001094062-1444647654", "distinguishedname": "CN=JACQUELINE BARNETT,OU=DEV,DC=BABY,DC=VL", "unconstraineddelegation": false, "trustedtoauth": false, "passwordnotreqd": true, "enabled": true, "lastlogon": 0, "lastlogontimestamp": -1, "pwdlastset": 1637507463, "dontreqpreauth": false, "pwdneverexpires": true, "sensitive": false, "serviceprincipalnames": [], "hasspn": false, "displayname": "Jacqueline Barnett", "email": null, "title": null, "homedirectory": null, "description": null, "userpassword": null, "admincount": false, "sidhistory": [], "whencreated": 1637507463, "unixpassword": null, "unicodepassword": null, "logonscript": null, "samaccountname": "Jacqueline.Barnett", "sfupassword": null}, "Aces": [{"RightName": "Owns", "IsInherited": false, "PrincipalSID": "S-1-5-21-1407081343-4001094062-1444647654-512", "PrincipalType": "Group"}, {"RightName": "GenericAll", "IsInherited": false, "PrincipalSID": "S-1-5-21-1407081343-4001094062-1444647654-512", "PrincipalType": "Group"}, {"RightName": "GenericAll", "IsInherited": false, "PrincipalSID": "BABY.VL-S-1-5-32-548", "PrincipalType": "Group"}, {"RightName": "AddKeyCredentialLink", "IsInherited": true, "PrincipalSID": "S-1-5-21-1407081343-4001094062-1444647654-526", "PrincipalType": "Group"}, {"RightName": "AddKeyCredentialLink", "IsInherited": true, "PrincipalSID": "S-1-5-21-1407081343-4001094062-1444647654-527", "PrincipalType": "Group"}, {"RightName": "GenericAll", "IsInherited": true, "PrincipalSID": "S-1-5-21-1407081343-4001094062-1444647654-519", "PrincipalType": "Group"}, {"RightName": "GenericWrite", "IsInherited": true, "PrincipalSID": "BABY.VL-S-1-5-32-544", "PrincipalType": "Group"}, {"RightName": "WriteOwner", "IsInherited": true, "PrincipalSID": "BABY.VL-S-1-5-32-544", "PrincipalType": "Group"}, {"RightName": "AllExtendedRights", "IsInherited": true, "PrincipalSID": "BABY.VL-S-1-5-32-544", "PrincipalType": "Group"}, {"RightName": "WriteDacl", "IsInherited": true, "PrincipalSID": "BABY.VL-S-1-5-32-544", "PrincipalType": "Group"}], "SPNTargets": [], "HasSIDHistory": [], "IsDeleted": false, "IsACLProtected": false},{"AllowedToDelegate": [], "ObjectIdentifier": "S-1-5-21-1407081343-4001094062-1444647654-1106", "PrimaryGroupSID": "S-1-5-21-1407081343-4001094062-1444647654-513", "Properties": {"name": "HUGH.GEORGE@BABY.VL", "domain": "BABY.VL", "domainsid": "S-1-5-21-1407081343-4001094062-1444647654", "distinguishedname": "CN=HUGH GEORGE,OU=DEV,DC=BABY,DC=VL", "unconstraineddelegation": false, "trustedtoauth": false, "passwordnotreqd": true, "enabled": true, "lastlogon": 0, "lastlogontimestamp": -1, "pwdlastset": 1637507463, "dontreqpreauth": false, "pwdneverexpires": true, "sensitive": false, "serviceprincipalnames": [], "hasspn": false, "displayname": "Hugh George", "email": null, "title": null, "homedirectory": null, "description": null, "userpassword": null, "admincount": false, "sidhistory": [], "whencreated": 1637507463, "unixpassword": null, "unicodepassword": null, "logonscript": null, "samaccountname": "Hugh.George", "sfupassword": null}, "Aces": [{"RightName": "Owns", "IsInherited": false, "PrincipalSID": "S-1-5-21-1407081343-4001094062-1444647654-512", "PrincipalType": "Group"}, {"RightName": "GenericAll", "IsInherited": false, "PrincipalSID": "S-1-5-21-1407081343-4001094062-1444647654-512", "PrincipalType": "Group"}, {"RightName": "GenericAll", "IsInherited": false, "PrincipalSID": "BABY.VL-S-1-5-32-548", "PrincipalType": "Group"}, {"RightName": "AddKeyCredentialLink", "IsInherited": true, "PrincipalSID": "S-1-5-21-1407081343-4001094062-1444647654-526", "PrincipalType": "Group"}, {"RightName": "AddKeyCredentialLink", "IsInherited": true, "PrincipalSID": "S-1-5-21-1407081343-4001094062-1444647654-527", "PrincipalType": "Group"}, {"RightName": "GenericAll", "IsInherited": true, "PrincipalSID": "S-1-5-21-1407081343-4001094062-1444647654-519", "PrincipalType": "Group"}, {"RightName": "GenericWrite", "IsInherited": true, "PrincipalSID": "BABY.VL-S-1-5-32-544", "PrincipalType": "Group"}, {"RightName": "WriteOwner", "IsInherited": true, "PrincipalSID": "BABY.VL-S-1-5-32-544", "PrincipalType": "Group"}, {"RightName": "AllExtendedRights", "IsInherited": true, "PrincipalSID": "BABY.VL-S-1-5-32-544", "PrincipalType": "Group"}, {"RightName": "WriteDacl", "IsInherited": true, "PrincipalSID": "BABY.VL-S-1-5-32-544", "PrincipalType": "Group"}], "SPNTargets": [], "HasSIDHistory": [], "IsDeleted": false, "IsACLProtected": false},{"AllowedToDelegate": [], "ObjectIdentifier": "S-1-5-21-1407081343-4001094062-1444647654-501", "PrimaryGroupSID": "S-1-5-21-1407081343-4001094062-1444647654-514", "Properties": {"name": "GUEST@BABY.VL", "domain": "BABY.VL", "domainsid": "S-1-5-21-1407081343-4001094062-1444647654", "distinguishedname": "CN=GUEST,CN=USERS,DC=BABY,DC=VL", "unconstraineddelegation": false, "trustedtoauth": false, "passwordnotreqd": true, "enabled": false, "lastlogon": 0, "lastlogontimestamp": -1, "pwdlastset": 0, "dontreqpreauth": false, "pwdneverexpires": true, "sensitive": false, "serviceprincipalnames": [], "hasspn": false, "displayname": null, "email": null, "title": null, "homedirectory": null, "description": "Built-in account for guest access to the computer/domain", "userpassword": null, "admincount": false, "sidhistory": [], "whencreated": 1637506192, "unixpassword": null, "unicodepassword": null, "logonscript": null, "samaccountname": "Guest", "sfupassword": null}, "Aces": [{"RightName": "Owns", "IsInherited": false, "PrincipalSID": "BABY.VL-S-1-5-32-544", "PrincipalType": "Group"}, {"RightName": "GenericAll", "IsInherited": false, "PrincipalSID": "S-1-5-21-1407081343-4001094062-1444647654-512", "PrincipalType": "Group"}, {"RightName": "GenericAll", "IsInherited": false, "PrincipalSID": "BABY.VL-S-1-5-32-548", "PrincipalType": "Group"}, {"RightName": "AddKeyCredentialLink", "IsInherited": true, "PrincipalSID": "S-1-5-21-1407081343-4001094062-1444647654-526", "PrincipalType": "Group"}, {"RightName": "AddKeyCredentialLink", "IsInherited": true, "PrincipalSID": "S-1-5-21-1407081343-4001094062-1444647654-527", "PrincipalType": "Group"}, {"RightName": "GenericAll", "IsInherited": true, "PrincipalSID": "S-1-5-21-1407081343-4001094062-1444647654-519", "PrincipalType": "Group"}, {"RightName": "GenericWrite", "IsInherited": true, "PrincipalSID": "BABY.VL-S-1-5-32-544", "PrincipalType": "Group"}, {"RightName": "WriteOwner", "IsInherited": true, "PrincipalSID": "BABY.VL-S-1-5-32-544", "PrincipalType": "Group"}, {"RightName": "AllExtendedRights", "IsInherited": true, "PrincipalSID": "BABY.VL-S-1-5-32-544", "PrincipalType": "Group"}, {"RightName": "WriteDacl", "IsInherited": true, "PrincipalSID": "BABY.VL-S-1-5-32-544", "PrincipalType": "Group"}], "SPNTargets": [], "HasSIDHistory": [], "IsDeleted": false, "IsACLProtected": false},{"AllowedToDelegate": [], "ObjectIdentifier": "S-1-5-21-1407081343-4001094062-1444647654-500", "PrimaryGroupSID": "S-1-5-21-1407081343-4001094062-1444647654-513", "Properties": {"name": "ADMINISTRATOR@BABY.VL", "domain": "BABY.VL", "domainsid": "S-1-5-21-1407081343-4001094062-1444647654", "distinguishedname": "CN=ADMINISTRATOR,CN=USERS,DC=BABY,DC=VL", "unconstraineddelegation": false, "trustedtoauth": false, "passwordnotreqd": false, "enabled": true, "lastlogon": 1770488905, "lastlogontimestamp": 1770488893, "pwdlastset": 1690703555, "dontreqpreauth": false, "pwdneverexpires": true, "sensitive": false, "serviceprincipalnames": [], "hasspn": false, "displayname": null, "email": null, "title": null, "homedirectory": null, "description": "Built-in account for administering the computer/domain", "userpassword": null, "admincount": true, "sidhistory": [], "whencreated": 1637506192, "unixpassword": null, "unicodepassword": null, "logonscript": null, "samaccountname": "Administrator", "sfupassword": null}, "Aces": [{"RightName": "Owns", "IsInherited": false, "PrincipalSID": "S-1-5-21-1407081343-4001094062-1444647654-512", "PrincipalType": "Group"}, {"RightName": "GenericWrite", "IsInherited": false, "PrincipalSID": "S-1-5-21-1407081343-4001094062-1444647654-512", "PrincipalType": "Group"}, {"RightName": "WriteOwner", "IsInherited": false, "PrincipalSID": "S-1-5-21-1407081343-4001094062-1444647654-512", "PrincipalType": "Group"}, {"RightName": "AllExtendedRights", "IsInherited": false, "PrincipalSID": "S-1-5-21-1407081343-4001094062-1444647654-512", "PrincipalType": "Group"}, {"RightName": "WriteDacl", "IsInherited": false, "PrincipalSID": "S-1-5-21-1407081343-4001094062-1444647654-512", "PrincipalType": "Group"}, {"RightName": "GenericWrite", "IsInherited": false, "PrincipalSID": "S-1-5-21-1407081343-4001094062-1444647654-519", "PrincipalType": "Group"}, {"RightName": "WriteOwner", "IsInherited": false, "PrincipalSID": "S-1-5-21-1407081343-4001094062-1444647654-519", "PrincipalType": "Group"}, {"RightName": "AllExtendedRights", "IsInherited": false, "PrincipalSID": "S-1-5-21-1407081343-4001094062-1444647654-519", "PrincipalType": "Group"}, {"RightName": "WriteDacl", "IsInherited": false, "PrincipalSID": "S-1-5-21-1407081343-4001094062-1444647654-519", "PrincipalType": "Group"}, {"RightName": "GenericWrite", "IsInherited": false, "PrincipalSID": "BABY.VL-S-1-5-32-544", "PrincipalType": "Group"}, {"RightName": "WriteOwner", "IsInherited": false, "PrincipalSID": "BABY.VL-S-1-5-32-544", "PrincipalType": "Group"}, {"RightName": "AllExtendedRights", "IsInherited": false, "PrincipalSID": "BABY.VL-S-1-5-32-544", "PrincipalType": "Group"}, {"RightName": "WriteDacl", "IsInherited": false, "PrincipalSID": "BABY.VL-S-1-5-32-544", "PrincipalType": "Group"}], "SPNTargets": [], "HasSIDHistory": [], "IsDeleted": false, "IsACLProtected": true}],"meta":{"methods":0,"type":"users","count":14, "version":5}}