{"data":[{"ObjectIdentifier": "10E5211B-4299-4F3D-87CB-7BFFD2A5EDCB", "Properties": {"domain": "CERTIFIED.HTB", "name": "WMIGPO@CERTIFIED.HTB", "distinguishedname": "CN=WMIGPO,CN=WMIPOLICY,CN=SYSTEM,DC=CERTIFIED,DC=HTB", "domainsid": "S-1-5-21-729746778-2675978091-3820388244", "highvalue": false, "description": "", "whencreated": 1715612537}, "IsDeleted": false, "IsACLProtected": false, "Aces": [{"RightName": "Owns", "IsInherited": false, "PrincipalSID": "S-1-5-21-729746778-2675978091-3820388244-512", "PrincipalType": "Group"}, {"RightName": "WriteOwner", "IsInherited": false, "PrincipalSID": "S-1-5-21-729746778-2675978091-3820388244-512", "PrincipalType": "Group"}, {"RightName": "WriteDacl", "IsInherited": false, "PrincipalSID": "S-1-5-21-729746778-2675978091-3820388244-512", "PrincipalType": "Group"}, {"RightName": "GenericAll", "IsInherited": true, "PrincipalSID": "S-1-5-21-729746778-2675978091-3820388244-519", "PrincipalType": "Group"}, {"RightName": "GenericAll", "IsInherited": true, "PrincipalSID": "S-1-5-21-729746778-2675978091-3820388244-512", "PrincipalType": "Group"}], "ChildObjects": []},{"ObjectIdentifier": "77CBA557-4A1E-4E2C-8051-591BA8A43F48", "Properties": {"domain": "CERTIFIED.HTB", "name": "POLICYTYPE@CERTIFIED.HTB", "distinguishedname": "CN=POLICYTYPE,CN=WMIPOLICY,CN=SYSTEM,DC=CERTIFIED,DC=HTB", "domainsid": "S-1-5-21-729746778-2675978091-3820388244", "highvalue": false, "description": "", "whencreated": 1715612537}, "IsDeleted": false, "IsACLProtected": false, "Aces": [{"RightName": "Owns", "IsInherited": false, "PrincipalSID": "S-1-5-21-729746778-2675978091-3820388244-512", "PrincipalType": "Group"}, {"RightName": "WriteOwner", "IsInherited": false, "PrincipalSID": "S-1-5-21-729746778-2675978091-3820388244-512", "PrincipalType": "Group"}, {"RightName": "WriteDacl", "IsInherited": false, "PrincipalSID": "S-1-5-21-729746778-2675978091-3820388244-512", "PrincipalType": "Group"}, {"RightName": "GenericAll", "IsInherited": true, "PrincipalSID": "S-1-5-21-729746778-2675978091-3820388244-519", "PrincipalType": "Group"}, {"RightName": "GenericAll", "IsInherited": true, "PrincipalSID": "S-1-5-21-729746778-2675978091-3820388244-512", "PrincipalType": "Group"}], "ChildObjects": []},{"ObjectIdentifier": "1DC7C120-455F-4AF6-BB94-CD54F6349CD3", "Properties": {"domain": "CERTIFIED.HTB", "name": "SOM@CERTIFIED.HTB", "distinguishedname": "CN=SOM,CN=WMIPOLICY,CN=SYSTEM,DC=CERTIFIED,DC=HTB", "domainsid": "S-1-5-21-729746778-2675978091-3820388244", "highvalue": false, "description": "", "whencreated": 1715612537}, "IsDeleted": false, "IsACLProtected": true, "Aces": [{"RightName": "Owns", "IsInherited": false, "PrincipalSID": "S-1-5-21-729746778-2675978091-3820388244-512", "PrincipalType": "Group"}, {"RightName": "GenericAll", "IsInherited": false, "PrincipalSID": "S-1-5-21-729746778-2675978091-3820388244-512", "PrincipalType": "Group"}, {"RightName": "GenericAll", "IsInherited": false, "PrincipalSID": "S-1-5-21-729746778-2675978091-3820388244-519", "PrincipalType": "Group"}], "ChildObjects": []},{"ObjectIdentifier": "A2DC563B-ED65-4A35-BC4E-5D811C460CBE", "Properties": {"domain": "CERTIFIED.HTB", "name": "POLICYTEMPLATE@CERTIFIED.HTB", "distinguishedname": "CN=POLICYTEMPLATE,CN=WMIPOLICY,CN=SYSTEM,DC=CERTIFIED,DC=HTB", "domainsid": "S-1-5-21-729746778-2675978091-3820388244", "highvalue": false, "description": "", "whencreated": 1715612537}, "IsDeleted": false, "IsACLProtected": false, "Aces": [{"RightName": "Owns", "IsInherited": false, "PrincipalSID": "S-1-5-21-729746778-2675978091-3820388244-512", "PrincipalType": "Group"}, {"RightName": "WriteOwner", "IsInherited": false, "PrincipalSID": "S-1-5-21-729746778-2675978091-3820388244-512", "PrincipalType": "Group"}, {"RightName": "WriteDacl", "IsInherited": false, "PrincipalSID": "S-1-5-21-729746778-2675978091-3820388244-512", "PrincipalType": "Group"}, {"RightName": "GenericAll", "IsInherited": true, "PrincipalSID": "S-1-5-21-729746778-2675978091-3820388244-519", "PrincipalType": "Group"}, {"RightName": "GenericAll", "IsInherited": true, "PrincipalSID": "S-1-5-21-729746778-2675978091-3820388244-512", "PrincipalType": "Group"}], "ChildObjects": []},{"ObjectIdentifier": "5ADA2AE6-B459-4057-8F69-A9E3E3637B3F", "Properties": {"domain": "CERTIFIED.HTB", "name": "WMIPOLICY@CERTIFIED.HTB", "distinguishedname": "CN=WMIPOLICY,CN=SYSTEM,DC=CERTIFIED,DC=HTB", "domainsid": "S-1-5-21-729746778-2675978091-3820388244", "highvalue": false, "description": "", "whencreated": 1715612537}, "IsDeleted": false, "IsACLProtected": true, "Aces": [{"RightName": "Owns", "IsInherited": false, "PrincipalSID": "S-1-5-21-729746778-2675978091-3820388244-512", "PrincipalType": "Group"}, {"RightName": "GenericAll", "IsInherited": false, "PrincipalSID": "S-1-5-21-729746778-2675978091-3820388244-519", "PrincipalType": "Group"}, {"RightName": "GenericAll", "IsInherited": false, "PrincipalSID": "S-1-5-21-729746778-2675978091-3820388244-512", "PrincipalType": "Group"}], "ChildObjects": []},{"ObjectIdentifier": "7DB89194-DA08-4489-8B72-464923416FD4", "Properties": {"domain": "CERTIFIED.HTB", "name": "COMPARTITIONSETS@CERTIFIED.HTB", "distinguishedname": "CN=COMPARTITIONSETS,CN=SYSTEM,DC=CERTIFIED,DC=HTB", "domainsid": "S-1-5-21-729746778-2675978091-3820388244", "highvalue": false, "description": "", "whencreated": 1715612537}, "IsDeleted": false, "IsACLProtected": false, "Aces": [{"RightName": "Owns", "IsInherited": false, "PrincipalSID": "S-1-5-21-729746778-2675978091-3820388244-512", "PrincipalType": "Group"}, {"RightName": "WriteOwner", "IsInherited": false, "PrincipalSID": "S-1-5-21-729746778-2675978091-3820388244-512", "PrincipalType": "Group"}, {"RightName": "WriteDacl", "IsInherited": false, "PrincipalSID": "S-1-5-21-729746778-2675978091-3820388244-512", "PrincipalType": "Group"}, {"RightName": "GenericAll", "IsInherited": true, "PrincipalSID": "S-1-5-21-729746778-2675978091-3820388244-519", "PrincipalType": "Group"}, {"RightName": "WriteOwner", "IsInherited": true, "PrincipalSID": "CERTIFIED.HTB-S-1-5-32-544", "PrincipalType": "Group"}, {"RightName": "WriteDacl", "IsInherited": true, "PrincipalSID": "CERTIFIED.HTB-S-1-5-32-544", "PrincipalType": "Group"}], "ChildObjects": []},{"ObjectIdentifier": "069BF59A-EC67-462F-8A60-A3D9837B0DFE", "Properties": {"domain": "CERTIFIED.HTB", "name": "COMPARTITIONS@CERTIFIED.HTB", "distinguishedname": "CN=COMPARTITIONS,CN=SYSTEM,DC=CERTIFIED,DC=HTB", "domainsid": "S-1-5-21-729746778-2675978091-3820388244", "highvalue": false, "description": "", "whencreated": 1715612537}, "IsDeleted": false, "IsACLProtected": false, "Aces": [{"RightName": "Owns", "IsInherited": false, "PrincipalSID": "S-1-5-21-729746778-2675978091-3820388244-512", "PrincipalType": "Group"}, {"RightName": "WriteOwner", "IsInherited": false, "PrincipalSID": "S-1-5-21-729746778-2675978091-3820388244-512", "PrincipalType": "Group"}, {"RightName": "WriteDacl", "IsInherited": false, "PrincipalSID": "S-1-5-21-729746778-2675978091-3820388244-512", "PrincipalType": "Group"}, {"RightName": "GenericAll", "IsInherited": true, "PrincipalSID": "S-1-5-21-729746778-2675978091-3820388244-519", "PrincipalType": "Group"}, {"RightName": "WriteOwner", "IsInherited": true, "PrincipalSID": "CERTIFIED.HTB-S-1-5-32-544", "PrincipalType": "Group"}, {"RightName": "WriteDacl", "IsInherited": true, "PrincipalSID": "CERTIFIED.HTB-S-1-5-32-544", "PrincipalType": "Group"}], "ChildObjects": []},{"ObjectIdentifier": "22F50F31-FDB8-473E-BB0E-078D4AC6C764", "Properties": {"domain": "CERTIFIED.HTB", "name": "ADMINSDHOLDER@CERTIFIED.HTB", "distinguishedname": "CN=ADMINSDHOLDER,CN=SYSTEM,DC=CERTIFIED,DC=HTB", "domainsid": "S-1-5-21-729746778-2675978091-3820388244", "highvalue": false, "description": "", "whencreated": 1715612537}, "IsDeleted": false, "IsACLProtected": true, "Aces": [{"RightName": "Owns", "IsInherited": false, "PrincipalSID": "S-1-5-21-729746778-2675978091-3820388244-512", "PrincipalType": "Group"}, {"RightName": "WriteOwner", "IsInherited": false, "PrincipalSID": "S-1-5-21-729746778-2675978091-3820388244-512", "PrincipalType": "Group"}, {"RightName": "WriteDacl", "IsInherited": false, "PrincipalSID": "S-1-5-21-729746778-2675978091-3820388244-512", "PrincipalType": "Group"}, {"RightName": "WriteOwner", "IsInherited": false, "PrincipalSID": "S-1-5-21-729746778-2675978091-3820388244-519", "PrincipalType": "Group"}, {"RightName": "WriteDacl", "IsInherited": false, "PrincipalSID": "S-1-5-21-729746778-2675978091-3820388244-519", "PrincipalType": "Group"}, {"RightName": "WriteOwner", "IsInherited": false, "PrincipalSID": "CERTIFIED.HTB-S-1-5-32-544", "PrincipalType": "Group"}, {"RightName": "WriteDacl", "IsInherited": false, "PrincipalSID": "CERTIFIED.HTB-S-1-5-32-544", "PrincipalType": "Group"}], "ChildObjects": []},{"ObjectIdentifier": "2CBBFEF5-63EE-451C-9E16-7A48ECE584BF", "Properties": {"domain": "CERTIFIED.HTB", "name": "RAS AND IAS SERVERS ACCESS CHECK@CERTIFIED.HTB", "distinguishedname": "CN=RAS AND IAS SERVERS ACCESS CHECK,CN=SYSTEM,DC=CERTIFIED,DC=HTB", "domainsid": "S-1-5-21-729746778-2675978091-3820388244", "highvalue": false, "description": "", "whencreated": 1715612537}, "IsDeleted": false, "IsACLProtected": false, "Aces": [{"RightName": "Owns", "IsInherited": false, "PrincipalSID": "S-1-5-21-729746778-2675978091-3820388244-512", "PrincipalType": "Group"}, {"RightName": "WriteOwner", "IsInherited": false, "PrincipalSID": "S-1-5-21-729746778-2675978091-3820388244-553", "PrincipalType": "Group"}, {"RightName": "WriteDacl", "IsInherited": false, "PrincipalSID": "S-1-5-21-729746778-2675978091-3820388244-553", "PrincipalType": "Group"}, {"RightName": "GenericAll", "IsInherited": true, "PrincipalSID": "S-1-5-21-729746778-2675978091-3820388244-519", "PrincipalType": "Group"}, {"RightName": "WriteOwner", "IsInherited": true, "PrincipalSID": "CERTIFIED.HTB-S-1-5-32-544", "PrincipalType": "Group"}, {"RightName": "WriteDacl", "IsInherited": true, "PrincipalSID": "CERTIFIED.HTB-S-1-5-32-544", "PrincipalType": "Group"}], "ChildObjects": []},{"ObjectIdentifier": "01D31648-CD95-4C54-9FB2-16A86C06FC41", "Properties": {"domain": "CERTIFIED.HTB", "name": "POLICIES@CERTIFIED.HTB", "distinguishedname": "CN=POLICIES,CN=SYSTEM,DC=CERTIFIED,DC=HTB", "domainsid": "S-1-5-21-729746778-2675978091-3820388244", "highvalue": false, "description": "", "whencreated": 1715612537}, "IsDeleted": false, "IsACLProtected": false, "Aces": [{"RightName": "Owns", "IsInherited": false, "PrincipalSID": "S-1-5-21-729746778-2675978091-3820388244-512", "PrincipalType": "Group"}, {"RightName": "WriteOwner", "IsInherited": false, "PrincipalSID": "S-1-5-21-729746778-2675978091-3820388244-512", "PrincipalType": "Group"}, {"RightName": "WriteDacl", "IsInherited": false, "PrincipalSID": "S-1-5-21-729746778-2675978091-3820388244-512", "PrincipalType": "Group"}, {"RightName": "GenericAll", "IsInherited": true, "PrincipalSID": "S-1-5-21-729746778-2675978091-3820388244-519", "PrincipalType": "Group"}, {"RightName": "WriteOwner", "IsInherited": true, "PrincipalSID": "CERTIFIED.HTB-S-1-5-32-544", "PrincipalType": "Group"}, {"RightName": "WriteDacl", "IsInherited": true, "PrincipalSID": "CERTIFIED.HTB-S-1-5-32-544", "PrincipalType": "Group"}], "ChildObjects": []},{"ObjectIdentifier": "AE7AB7BC-5474-479C-B316-B94D0B01588B", "Properties": {"domain": "CERTIFIED.HTB", "name": "MEETINGS@CERTIFIED.HTB", "distinguishedname": "CN=MEETINGS,CN=SYSTEM,DC=CERTIFIED,DC=HTB", "domainsid": "S-1-5-21-729746778-2675978091-3820388244", "highvalue": false, "description": "", "whencreated": 1715612537}, "IsDeleted": false, "IsACLProtected": false, "Aces": [{"RightName": "Owns", "IsInherited": false, "PrincipalSID": "S-1-5-21-729746778-2675978091-3820388244-512", "PrincipalType": "Group"}, {"RightName": "WriteOwner", "IsInherited": false, "PrincipalSID": "S-1-5-21-729746778-2675978091-3820388244-512", "PrincipalType": "Group"}, {"RightName": "WriteDacl", "IsInherited": false, "PrincipalSID": "S-1-5-21-729746778-2675978091-3820388244-512", "PrincipalType": "Group"}, {"RightName": "GenericAll", "IsInherited": true, "PrincipalSID": "S-1-5-21-729746778-2675978091-3820388244-519", "PrincipalType": "Group"}, {"RightName": "WriteOwner", "IsInherited": true, "PrincipalSID": "CERTIFIED.HTB-S-1-5-32-544", "PrincipalType": "Group"}, {"RightName": "WriteDacl", "IsInherited": true, "PrincipalSID": "CERTIFIED.HTB-S-1-5-32-544", "PrincipalType": "Group"}], "ChildObjects": []},{"ObjectIdentifier": "070C7577-6F2B-4804-853A-F045035F577F", "Properties": {"domain": "CERTIFIED.HTB", "name": "WINSOCKSERVICES@CERTIFIED.HTB", "distinguishedname": "CN=WINSOCKSERVICES,CN=SYSTEM,DC=CERTIFIED,DC=HTB", "domainsid": "S-1-5-21-729746778-2675978091-3820388244", "highvalue": false, "description": "", "whencreated": 1715612537}, "IsDeleted": false, "IsACLProtected": false, "Aces": [{"RightName": "Owns", "IsInherited": false, "PrincipalSID": "S-1-5-21-729746778-2675978091-3820388244-512", "PrincipalType": "Group"}, {"RightName": "WriteOwner", "IsInherited": false, "PrincipalSID": "S-1-5-21-729746778-2675978091-3820388244-512", "PrincipalType": "Group"}, {"RightName": "WriteDacl", "IsInherited": false, "PrincipalSID": "S-1-5-21-729746778-2675978091-3820388244-512", "PrincipalType": "Group"}, {"RightName": "GenericAll", "IsInherited": true, "PrincipalSID": "S-1-5-21-729746778-2675978091-3820388244-519", "PrincipalType": "Group"}, {"RightName": "WriteOwner", "IsInherited": true, "PrincipalSID": "CERTIFIED.HTB-S-1-5-32-544", "PrincipalType": "Group"}, {"RightName": "WriteDacl", "IsInherited": true, "PrincipalSID": "CERTIFIED.HTB-S-1-5-32-544", "PrincipalType": "Group"}], "ChildObjects": []},{"ObjectIdentifier": "A38BE554-F9A3-428D-84CC-C3CCCAAA343C", "Properties": {"domain": "CERTIFIED.HTB", "name": "MANAGED SERVICE ACCOUNTS@CERTIFIED.HTB", "distinguishedname": "CN=MANAGED SERVICE ACCOUNTS,DC=CERTIFIED,DC=HTB", "domainsid": "S-1-5-21-729746778-2675978091-3820388244", "highvalue": false, "description": "Default container for managed service accounts", "whencreated": 1715612538}, "IsDeleted": false, "IsACLProtected": false, "Aces": [{"RightName": "Owns", "IsInherited": false, "PrincipalSID": "S-1-5-21-729746778-2675978091-3820388244-512", "PrincipalType": "Group"}, {"RightName": "WriteOwner", "IsInherited": false, "PrincipalSID": "S-1-5-21-729746778-2675978091-3820388244-512", "PrincipalType": "Group"}, {"RightName": "WriteDacl", "IsInherited": false, "PrincipalSID": "S-1-5-21-729746778-2675978091-3820388244-512", "PrincipalType": "Group"}, {"RightName": "GenericAll", "IsInherited": true, "PrincipalSID": "S-1-5-21-729746778-2675978091-3820388244-519", "PrincipalType": "Group"}, {"RightName": "WriteOwner", "IsInherited": true, "PrincipalSID": "CERTIFIED.HTB-S-1-5-32-544", "PrincipalType": "Group"}, {"RightName": "WriteDacl", "IsInherited": true, "PrincipalSID": "CERTIFIED.HTB-S-1-5-32-544", "PrincipalType": "Group"}], "ChildObjects": []},{"ObjectIdentifier": "CFE2BA59-BDB4-4C59-A966-BC12404F3B9A", "Properties": {"domain": "CERTIFIED.HTB", "name": "MICROSOFT@CERTIFIED.HTB", "distinguishedname": "CN=MICROSOFT,CN=PROGRAM DATA,DC=CERTIFIED,DC=HTB", "domainsid": "S-1-5-21-729746778-2675978091-3820388244", "highvalue": false, "description": "Default location for storage of Microsoft application data.", "whencreated": 1715612538}, "IsDeleted": false, "IsACLProtected": false, "Aces": [{"RightName": "Owns", "IsInherited": false, "PrincipalSID": "S-1-5-21-729746778-2675978091-3820388244-512", "PrincipalType": "Group"}, {"RightName": "GenericAll", "IsInherited": false, "PrincipalSID": "S-1-5-21-729746778-2675978091-3820388244-512", "PrincipalType": "Group"}, {"RightName": "GenericAll", "IsInherited": true, "PrincipalSID": "S-1-5-21-729746778-2675978091-3820388244-519", "PrincipalType": "Group"}, {"RightName": "WriteOwner", "IsInherited": true, "PrincipalSID": "CERTIFIED.HTB-S-1-5-32-544", "PrincipalType": "Group"}, {"RightName": "WriteDacl", "IsInherited": true, "PrincipalSID": "CERTIFIED.HTB-S-1-5-32-544", "PrincipalType": "Group"}], "ChildObjects": []},{"ObjectIdentifier": "57459D97-E7D5-4FC3-9E40-8B24CC8A0F04", "Properties": {"domain": "CERTIFIED.HTB", "name": "PROGRAM DATA@CERTIFIED.HTB", "distinguishedname": "CN=PROGRAM DATA,DC=CERTIFIED,DC=HTB", "domainsid": "S-1-5-21-729746778-2675978091-3820388244", "highvalue": false, "description": "Default location for storage of application data.", "whencreated": 1715612538}, "IsDeleted": false, "IsACLProtected": false, "Aces": [{"RightName": "Owns", "IsInherited": false, "PrincipalSID": "S-1-5-21-729746778-2675978091-3820388244-512", "PrincipalType": "Group"}, {"RightName": "GenericAll", "IsInherited": false, "PrincipalSID": "S-1-5-21-729746778-2675978091-3820388244-512", "PrincipalType": "Group"}, {"RightName": "GenericAll", "IsInherited": true, "PrincipalSID": "S-1-5-21-729746778-2675978091-3820388244-519", "PrincipalType": "Group"}, {"RightName": "WriteOwner", "IsInherited": true, "PrincipalSID": "CERTIFIED.HTB-S-1-5-32-544", "PrincipalType": "Group"}, {"RightName": "WriteDacl", "IsInherited": true, "PrincipalSID": "CERTIFIED.HTB-S-1-5-32-544", "PrincipalType": "Group"}], "ChildObjects": []},{"ObjectIdentifier": "38A79EE7-4002-44EB-8FE2-61DABCC843EC", "Properties": {"domain": "CERTIFIED.HTB", "name": "FOREIGNSECURITYPRINCIPALS@CERTIFIED.HTB", "distinguishedname": "CN=FOREIGNSECURITYPRINCIPALS,DC=CERTIFIED,DC=HTB", "domainsid": "S-1-5-21-729746778-2675978091-3820388244", "highvalue": false, "description": "Default container for security identifiers (SIDs) associated with objects from external, trusted domains", "whencreated": 1715612538}, "IsDeleted": false, "IsACLProtected": false, "Aces": [{"RightName": "Owns", "IsInherited": false, "PrincipalSID": "S-1-5-21-729746778-2675978091-3820388244-512", "PrincipalType": "Group"}, {"RightName": "GenericAll", "IsInherited": false, "PrincipalSID": "S-1-5-21-729746778-2675978091-3820388244-512", "PrincipalType": "Group"}, {"RightName": "GenericAll", "IsInherited": true, "PrincipalSID": "S-1-5-21-729746778-2675978091-3820388244-519", "PrincipalType": "Group"}, {"RightName": "WriteOwner", "IsInherited": true, "PrincipalSID": "CERTIFIED.HTB-S-1-5-32-544", "PrincipalType": "Group"}, {"RightName": "WriteDacl", "IsInherited": true, "PrincipalSID": "CERTIFIED.HTB-S-1-5-32-544", "PrincipalType": "Group"}], "ChildObjects": []},{"ObjectIdentifier": "7DFCBFD3-69EC-4998-BE49-DF7C47A08985", "Properties": {"domain": "CERTIFIED.HTB", "name": "SYSTEM@CERTIFIED.HTB", "distinguishedname": "CN=SYSTEM,DC=CERTIFIED,DC=HTB", "domainsid": "S-1-5-21-729746778-2675978091-3820388244", "highvalue": false, "description": "Builtin system settings", "whencreated": 1715612537}, "IsDeleted": false, "IsACLProtected": false, "Aces": [{"RightName": "Owns", "IsInherited": false, "PrincipalSID": "S-1-5-21-729746778-2675978091-3820388244-512", "PrincipalType": "Group"}, {"RightName": "WriteOwner", "IsInherited": false, "PrincipalSID": "S-1-5-21-729746778-2675978091-3820388244-512", "PrincipalType": "Group"}, {"RightName": "WriteDacl", "IsInherited": false, "PrincipalSID": "S-1-5-21-729746778-2675978091-3820388244-512", "PrincipalType": "Group"}, {"RightName": "GenericAll", "IsInherited": true, "PrincipalSID": "S-1-5-21-729746778-2675978091-3820388244-519", "PrincipalType": "Group"}, {"RightName": "WriteOwner", "IsInherited": true, "PrincipalSID": "CERTIFIED.HTB-S-1-5-32-544", "PrincipalType": "Group"}, {"RightName": "WriteDacl", "IsInherited": true, "PrincipalSID": "CERTIFIED.HTB-S-1-5-32-544", "PrincipalType": "Group"}], "ChildObjects": []},{"ObjectIdentifier": "EF61C98D-5351-4401-AE04-DFC8B861E23D", "Properties": {"domain": "CERTIFIED.HTB", "name": "COMPUTERS@CERTIFIED.HTB", "distinguishedname": "CN=COMPUTERS,DC=CERTIFIED,DC=HTB", "domainsid": "S-1-5-21-729746778-2675978091-3820388244", "highvalue": false, "description": "Default container for upgraded computer accounts", "whencreated": 1715612537}, "IsDeleted": false, "IsACLProtected": false, "Aces": [{"RightName": "Owns", "IsInherited": false, "PrincipalSID": "S-1-5-21-729746778-2675978091-3820388244-512", "PrincipalType": "Group"}, {"RightName": "WriteOwner", "IsInherited": false, "PrincipalSID": "S-1-5-21-729746778-2675978091-3820388244-512", "PrincipalType": "Group"}, {"RightName": "WriteDacl", "IsInherited": false, "PrincipalSID": "S-1-5-21-729746778-2675978091-3820388244-512", "PrincipalType": "Group"}, {"RightName": "GenericAll", "IsInherited": true, "PrincipalSID": "S-1-5-21-729746778-2675978091-3820388244-519", "PrincipalType": "Group"}, {"RightName": "WriteOwner", "IsInherited": true, "PrincipalSID": "CERTIFIED.HTB-S-1-5-32-544", "PrincipalType": "Group"}, {"RightName": "WriteDacl", "IsInherited": true, "PrincipalSID": "CERTIFIED.HTB-S-1-5-32-544", "PrincipalType": "Group"}], "ChildObjects": []},{"ObjectIdentifier": "6D1112BB-D127-460B-B288-76AAA9E14892", "Properties": {"domain": "CERTIFIED.HTB", "name": "USERS@CERTIFIED.HTB", "distinguishedname": "CN=USERS,DC=CERTIFIED,DC=HTB", "domainsid": "S-1-5-21-729746778-2675978091-3820388244", "highvalue": false, "description": "Default container for upgraded user accounts", "whencreated": 1715612537}, "IsDeleted": false, "IsACLProtected": false, "Aces": [{"RightName": "Owns", "IsInherited": false, "PrincipalSID": "S-1-5-21-729746778-2675978091-3820388244-512", "PrincipalType": "Group"}, {"RightName": "WriteOwner", "IsInherited": false, "PrincipalSID": "S-1-5-21-729746778-2675978091-3820388244-512", "PrincipalType": "Group"}, {"RightName": "WriteDacl", "IsInherited": false, "PrincipalSID": "S-1-5-21-729746778-2675978091-3820388244-512", "PrincipalType": "Group"}, {"RightName": "GenericAll", "IsInherited": true, "PrincipalSID": "S-1-5-21-729746778-2675978091-3820388244-519", "PrincipalType": "Group"}, {"RightName": "WriteOwner", "IsInherited": true, "PrincipalSID": "CERTIFIED.HTB-S-1-5-32-544", "PrincipalType": "Group"}, {"RightName": "WriteDacl", "IsInherited": true, "PrincipalSID": "CERTIFIED.HTB-S-1-5-32-544", "PrincipalType": "Group"}], "ChildObjects": [{"ObjectIdentifier": "S-1-5-21-729746778-2675978091-3820388244-518", "ObjectType": "Group"}, {"ObjectIdentifier": "S-1-5-21-729746778-2675978091-3820388244-521", "ObjectType": "Group"}, {"ObjectIdentifier": "S-1-5-21-729746778-2675978091-3820388244-553", "ObjectType": "Group"}, {"ObjectIdentifier": "S-1-5-21-729746778-2675978091-3820388244-525", "ObjectType": "Group"}, {"ObjectIdentifier": "S-1-5-21-729746778-2675978091-3820388244-1106", "ObjectType": "User"}, {"ObjectIdentifier": "S-1-5-21-729746778-2675978091-3820388244-1105", "ObjectType": "User"}, {"ObjectIdentifier": "S-1-5-21-729746778-2675978091-3820388244-1104", "ObjectType": "Group"}, {"ObjectIdentifier": "S-1-5-21-729746778-2675978091-3820388244-502", "ObjectType": "User"}, {"ObjectIdentifier": "S-1-5-21-729746778-2675978091-3820388244-526", "ObjectType": "Group"}, {"ObjectIdentifier": "S-1-5-21-729746778-2675978091-3820388244-1103", "ObjectType": "User"}, {"ObjectIdentifier": "S-1-5-21-729746778-2675978091-3820388244-1602", "ObjectType": "User"}, {"ObjectIdentifier": "S-1-5-21-729746778-2675978091-3820388244-501", "ObjectType": "User"}, {"ObjectIdentifier": "S-1-5-21-729746778-2675978091-3820388244-520", "ObjectType": "Group"}, {"ObjectIdentifier": "S-1-5-21-729746778-2675978091-3820388244-1603", "ObjectType": "User"}, {"ObjectIdentifier": "S-1-5-21-729746778-2675978091-3820388244-498", "ObjectType": "Group"}, {"ObjectIdentifier": "S-1-5-21-729746778-2675978091-3820388244-527", "ObjectType": "Group"}, {"ObjectIdentifier": "S-1-5-21-729746778-2675978091-3820388244-519", "ObjectType": "Group"}, {"ObjectIdentifier": "S-1-5-21-729746778-2675978091-3820388244-513", "ObjectType": "Group"}, {"ObjectIdentifier": "S-1-5-21-729746778-2675978091-3820388244-514", "ObjectType": "Group"}, {"ObjectIdentifier": "S-1-5-21-729746778-2675978091-3820388244-516", "ObjectType": "Group"}, {"ObjectIdentifier": "S-1-5-21-729746778-2675978091-3820388244-515", "ObjectType": "Group"}, {"ObjectIdentifier": "S-1-5-21-729746778-2675978091-3820388244-512", "ObjectType": "Group"}, {"ObjectIdentifier": "S-1-5-21-729746778-2675978091-3820388244-1102", "ObjectType": "Group"}, {"ObjectIdentifier": "S-1-5-21-729746778-2675978091-3820388244-1101", "ObjectType": "Group"}, {"ObjectIdentifier": "S-1-5-21-729746778-2675978091-3820388244-572", "ObjectType": "Group"}, {"ObjectIdentifier": "S-1-5-21-729746778-2675978091-3820388244-522", "ObjectType": "Group"}, {"ObjectIdentifier": "S-1-5-21-729746778-2675978091-3820388244-517", "ObjectType": "Group"}, {"ObjectIdentifier": "S-1-5-21-729746778-2675978091-3820388244-571", "ObjectType": "Group"}, {"ObjectIdentifier": "S-1-5-21-729746778-2675978091-3820388244-1601", "ObjectType": "User"}, {"ObjectIdentifier": "S-1-5-21-729746778-2675978091-3820388244-500", "ObjectType": "User"}]}],"meta":{"methods":0,"type":"containers","count":19, "version":5}}