{"data":[{"AllowedToDelegate": [], "ObjectIdentifier": "FRIZZ.HTB-S-1-5-20", "PrimaryGroupSID": null, "Properties": {"domain": "FRIZZ.HTB", "domainsid": "S-1-5-21-2386970044-1145388522-2932701813", "name": "NT AUTHORITY@FRIZZ.HTB"}, "Aces": [], "SPNTargets": [], "HasSIDHistory": [], "IsDeleted": false, "IsACLProtected": false},{"AllowedToDelegate": [], "ObjectIdentifier": "S-1-5-21-2386970044-1145388522-2932701813-1120", "PrimaryGroupSID": "S-1-5-21-2386970044-1145388522-2932701813-513", "Properties": {"name": "W.WEBSERVICE@FRIZZ.HTB", "domain": "FRIZZ.HTB", "domainsid": "S-1-5-21-2386970044-1145388522-2932701813", "distinguishedname": "CN=W.WEBSERVICE,OU=CLASS_FRIZZ,DC=FRIZZ,DC=HTB", "unconstraineddelegation": false, "trustedtoauth": false, "passwordnotreqd": false, "enabled": true, "lastlogon": 1768973385, "lastlogontimestamp": 1768973383, "pwdlastset": 1730212024, "dontreqpreauth": false, "pwdneverexpires": true, "sensitive": false, "serviceprincipalnames": [], "hasspn": false, "displayname": "webservice Webservice", "email": null, "title": null, "homedirectory": null, "description": "Service for the website", "userpassword": null, "admincount": false, "sidhistory": [], "whencreated": 1730212024, "unixpassword": null, "unicodepassword": null, "logonscript": null, "samaccountname": "w.Webservice", "sfupassword": null}, "Aces": [{"RightName": "Owns", "IsInherited": false, "PrincipalSID": "S-1-5-21-2386970044-1145388522-2932701813-512", "PrincipalType": "Group"}, {"RightName": "GenericAll", "IsInherited": false, "PrincipalSID": "S-1-5-21-2386970044-1145388522-2932701813-512", "PrincipalType": "Group"}, {"RightName": "GenericAll", "IsInherited": false, "PrincipalSID": "FRIZZ.HTB-S-1-5-32-548", "PrincipalType": "Group"}, {"RightName": "AddKeyCredentialLink", "IsInherited": true, "PrincipalSID": "S-1-5-21-2386970044-1145388522-2932701813-526", "PrincipalType": "Group"}, {"RightName": "AddKeyCredentialLink", "IsInherited": true, "PrincipalSID": "S-1-5-21-2386970044-1145388522-2932701813-527", "PrincipalType": "Group"}, {"RightName": "GenericAll", "IsInherited": true, "PrincipalSID": "S-1-5-21-2386970044-1145388522-2932701813-519", "PrincipalType": "Group"}, {"RightName": "GenericWrite", "IsInherited": true, "PrincipalSID": "FRIZZ.HTB-S-1-5-32-544", "PrincipalType": "Group"}, {"RightName": "WriteOwner", "IsInherited": true, "PrincipalSID": "FRIZZ.HTB-S-1-5-32-544", "PrincipalType": "Group"}, {"RightName": "AllExtendedRights", "IsInherited": true, "PrincipalSID": "FRIZZ.HTB-S-1-5-32-544", "PrincipalType": "Group"}, {"RightName": "WriteDacl", "IsInherited": true, "PrincipalSID": "FRIZZ.HTB-S-1-5-32-544", "PrincipalType": "Group"}], "SPNTargets": [], "HasSIDHistory": [], "IsDeleted": false, "IsACLProtected": false},{"AllowedToDelegate": [], "ObjectIdentifier": "S-1-5-21-2386970044-1145388522-2932701813-1118", "PrimaryGroupSID": "S-1-5-21-2386970044-1145388522-2932701813-513", "Properties": {"name": "C.RAMON@FRIZZ.HTB", "domain": "FRIZZ.HTB", "domainsid": "S-1-5-21-2386970044-1145388522-2932701813", "distinguishedname": "CN=C.RAMON,OU=CLASS_FRIZZ,DC=FRIZZ,DC=HTB", "unconstraineddelegation": false, "trustedtoauth": false, "passwordnotreqd": false, "enabled": true, "lastlogon": 0, "lastlogontimestamp": -1, "pwdlastset": 1730212024, "dontreqpreauth": false, "pwdneverexpires": true, "sensitive": false, "serviceprincipalnames": [], "hasspn": false, "displayname": "carlos ramon", "email": null, "title": null, "homedirectory": null, "description": "Student", "userpassword": null, "admincount": false, "sidhistory": [], "whencreated": 1730212024, "unixpassword": null, "unicodepassword": null, "logonscript": null, "samaccountname": "c.ramon", "sfupassword": null}, "Aces": [{"RightName": "Owns", "IsInherited": false, "PrincipalSID": "S-1-5-21-2386970044-1145388522-2932701813-1106", "PrincipalType": "User"}, {"RightName": "GenericAll", "IsInherited": false, "PrincipalSID": "S-1-5-21-2386970044-1145388522-2932701813-512", "PrincipalType": "Group"}, {"RightName": "GenericAll", "IsInherited": false, "PrincipalSID": "FRIZZ.HTB-S-1-5-32-548", "PrincipalType": "Group"}, {"RightName": "AddKeyCredentialLink", "IsInherited": true, "PrincipalSID": "S-1-5-21-2386970044-1145388522-2932701813-526", "PrincipalType": "Group"}, {"RightName": "AddKeyCredentialLink", "IsInherited": true, "PrincipalSID": "S-1-5-21-2386970044-1145388522-2932701813-527", "PrincipalType": "Group"}, {"RightName": "GenericAll", "IsInherited": true, "PrincipalSID": "S-1-5-21-2386970044-1145388522-2932701813-519", "PrincipalType": "Group"}, {"RightName": "GenericWrite", "IsInherited": true, "PrincipalSID": "FRIZZ.HTB-S-1-5-32-544", "PrincipalType": "Group"}, {"RightName": "WriteOwner", "IsInherited": true, "PrincipalSID": "FRIZZ.HTB-S-1-5-32-544", "PrincipalType": "Group"}, {"RightName": "AllExtendedRights", "IsInherited": true, "PrincipalSID": "FRIZZ.HTB-S-1-5-32-544", "PrincipalType": "Group"}, {"RightName": "WriteDacl", "IsInherited": true, "PrincipalSID": "FRIZZ.HTB-S-1-5-32-544", "PrincipalType": "Group"}], "SPNTargets": [], "HasSIDHistory": [], "IsDeleted": false, "IsACLProtected": false},{"AllowedToDelegate": [], "ObjectIdentifier": "S-1-5-21-2386970044-1145388522-2932701813-1117", "PrimaryGroupSID": "S-1-5-21-2386970044-1145388522-2932701813-513", "Properties": {"name": "C.SANDIEGO@FRIZZ.HTB", "domain": "FRIZZ.HTB", "domainsid": "S-1-5-21-2386970044-1145388522-2932701813", "distinguishedname": "CN=C.SANDIEGO,OU=CLASS_FRIZZ,DC=FRIZZ,DC=HTB", "unconstraineddelegation": false, "trustedtoauth": false, "passwordnotreqd": false, "enabled": true, "lastlogon": 0, "lastlogontimestamp": -1, "pwdlastset": 1730212024, "dontreqpreauth": false, "pwdneverexpires": true, "sensitive": false, "serviceprincipalnames": [], "hasspn": false, "displayname": "carmen sandiego", "email": null, "title": null, "homedirectory": null, "description": "Student", "userpassword": null, "admincount": false, "sidhistory": [], "whencreated": 1730212024, "unixpassword": null, "unicodepassword": null, "logonscript": null, "samaccountname": "c.sandiego", "sfupassword": null}, "Aces": [{"RightName": "Owns", "IsInherited": false, "PrincipalSID": "S-1-5-21-2386970044-1145388522-2932701813-1106", "PrincipalType": "User"}, {"RightName": "GenericAll", "IsInherited": false, "PrincipalSID": "S-1-5-21-2386970044-1145388522-2932701813-512", "PrincipalType": "Group"}, {"RightName": "GenericAll", "IsInherited": false, "PrincipalSID": "FRIZZ.HTB-S-1-5-32-548", "PrincipalType": "Group"}, {"RightName": "AddKeyCredentialLink", "IsInherited": true, "PrincipalSID": "S-1-5-21-2386970044-1145388522-2932701813-526", "PrincipalType": "Group"}, {"RightName": "AddKeyCredentialLink", "IsInherited": true, "PrincipalSID": "S-1-5-21-2386970044-1145388522-2932701813-527", "PrincipalType": "Group"}, {"RightName": "GenericAll", "IsInherited": true, "PrincipalSID": "S-1-5-21-2386970044-1145388522-2932701813-519", "PrincipalType": "Group"}, {"RightName": "GenericWrite", "IsInherited": true, "PrincipalSID": "FRIZZ.HTB-S-1-5-32-544", "PrincipalType": "Group"}, {"RightName": "WriteOwner", "IsInherited": true, "PrincipalSID": "FRIZZ.HTB-S-1-5-32-544", "PrincipalType": "Group"}, {"RightName": "AllExtendedRights", "IsInherited": true, "PrincipalSID": "FRIZZ.HTB-S-1-5-32-544", "PrincipalType": "Group"}, {"RightName": "WriteDacl", "IsInherited": true, "PrincipalSID": "FRIZZ.HTB-S-1-5-32-544", "PrincipalType": "Group"}], "SPNTargets": [], "HasSIDHistory": [], "IsDeleted": false, "IsACLProtected": false},{"AllowedToDelegate": [], "ObjectIdentifier": "S-1-5-21-2386970044-1145388522-2932701813-1119", "PrimaryGroupSID": "S-1-5-21-2386970044-1145388522-2932701813-513", "Properties": {"name": "M.RAMON@FRIZZ.HTB", "domain": "FRIZZ.HTB", "domainsid": "S-1-5-21-2386970044-1145388522-2932701813", "distinguishedname": "CN=M.RAMON,OU=CLASS_FRIZZ,DC=FRIZZ,DC=HTB", "unconstraineddelegation": false, "trustedtoauth": false, "passwordnotreqd": false, "enabled": true, "lastlogon": 0, "lastlogontimestamp": -1, "pwdlastset": 1730212024, "dontreqpreauth": false, "pwdneverexpires": true, "sensitive": false, "serviceprincipalnames": [], "hasspn": false, "displayname": "mikey ramon", "email": null, "title": null, "homedirectory": null, "description": "Student", "userpassword": null, "admincount": false, "sidhistory": [], "whencreated": 1730212024, "unixpassword": null, "unicodepassword": null, "logonscript": null, "samaccountname": "m.ramon", "sfupassword": null}, "Aces": [{"RightName": "Owns", "IsInherited": false, "PrincipalSID": "S-1-5-21-2386970044-1145388522-2932701813-1106", "PrincipalType": "User"}, {"RightName": "GenericAll", "IsInherited": false, "PrincipalSID": "S-1-5-21-2386970044-1145388522-2932701813-512", "PrincipalType": "Group"}, {"RightName": "GenericAll", "IsInherited": false, "PrincipalSID": "FRIZZ.HTB-S-1-5-32-548", "PrincipalType": "Group"}, {"RightName": "AddKeyCredentialLink", "IsInherited": true, "PrincipalSID": "S-1-5-21-2386970044-1145388522-2932701813-526", "PrincipalType": "Group"}, {"RightName": "AddKeyCredentialLink", "IsInherited": true, "PrincipalSID": "S-1-5-21-2386970044-1145388522-2932701813-527", "PrincipalType": "Group"}, {"RightName": "GenericAll", "IsInherited": true, "PrincipalSID": "S-1-5-21-2386970044-1145388522-2932701813-519", "PrincipalType": "Group"}, {"RightName": "GenericWrite", "IsInherited": true, "PrincipalSID": "FRIZZ.HTB-S-1-5-32-544", "PrincipalType": "Group"}, {"RightName": "WriteOwner", "IsInherited": true, "PrincipalSID": "FRIZZ.HTB-S-1-5-32-544", "PrincipalType": "Group"}, {"RightName": "AllExtendedRights", "IsInherited": true, "PrincipalSID": "FRIZZ.HTB-S-1-5-32-544", "PrincipalType": "Group"}, {"RightName": "WriteDacl", "IsInherited": true, "PrincipalSID": "FRIZZ.HTB-S-1-5-32-544", "PrincipalType": "Group"}], "SPNTargets": [], "HasSIDHistory": [], "IsDeleted": false, "IsACLProtected": false},{"AllowedToDelegate": [], "ObjectIdentifier": "S-1-5-21-2386970044-1145388522-2932701813-1116", "PrimaryGroupSID": "S-1-5-21-2386970044-1145388522-2932701813-513", "Properties": {"name": "G.FRIZZLE@FRIZZ.HTB", "domain": "FRIZZ.HTB", "domainsid": "S-1-5-21-2386970044-1145388522-2932701813", "distinguishedname": "CN=G.FRIZZLE,OU=CLASS_FRIZZ,DC=FRIZZ,DC=HTB", "unconstraineddelegation": false, "trustedtoauth": false, "passwordnotreqd": false, "enabled": true, "lastlogon": 0, "lastlogontimestamp": -1, "pwdlastset": 1730212024, "dontreqpreauth": false, "pwdneverexpires": true, "sensitive": false, "serviceprincipalnames": [], "hasspn": false, "displayname": "goldie frizzle", "email": null, "title": null, "homedirectory": null, "description": "Student", "userpassword": null, "admincount": false, "sidhistory": [], "whencreated": 1730212024, "unixpassword": null, "unicodepassword": null, "logonscript": null, "samaccountname": "g.frizzle", "sfupassword": null}, "Aces": [{"RightName": "Owns", "IsInherited": false, "PrincipalSID": "S-1-5-21-2386970044-1145388522-2932701813-1106", "PrincipalType": "User"}, {"RightName": "GenericAll", "IsInherited": false, "PrincipalSID": "S-1-5-21-2386970044-1145388522-2932701813-512", "PrincipalType": "Group"}, {"RightName": "GenericAll", "IsInherited": false, "PrincipalSID": "FRIZZ.HTB-S-1-5-32-548", "PrincipalType": "Group"}, {"RightName": "AddKeyCredentialLink", "IsInherited": true, "PrincipalSID": "S-1-5-21-2386970044-1145388522-2932701813-526", "PrincipalType": "Group"}, {"RightName": "AddKeyCredentialLink", "IsInherited": true, "PrincipalSID": "S-1-5-21-2386970044-1145388522-2932701813-527", "PrincipalType": "Group"}, {"RightName": "GenericAll", "IsInherited": true, "PrincipalSID": "S-1-5-21-2386970044-1145388522-2932701813-519", "PrincipalType": "Group"}, {"RightName": "GenericWrite", "IsInherited": true, "PrincipalSID": "FRIZZ.HTB-S-1-5-32-544", "PrincipalType": "Group"}, {"RightName": "WriteOwner", "IsInherited": true, "PrincipalSID": "FRIZZ.HTB-S-1-5-32-544", "PrincipalType": "Group"}, {"RightName": "AllExtendedRights", "IsInherited": true, "PrincipalSID": "FRIZZ.HTB-S-1-5-32-544", "PrincipalType": "Group"}, {"RightName": "WriteDacl", "IsInherited": true, "PrincipalSID": "FRIZZ.HTB-S-1-5-32-544", "PrincipalType": "Group"}], "SPNTargets": [], "HasSIDHistory": [], "IsDeleted": false, "IsACLProtected": false},{"AllowedToDelegate": [], "ObjectIdentifier": "S-1-5-21-2386970044-1145388522-2932701813-1115", "PrimaryGroupSID": "S-1-5-21-2386970044-1145388522-2932701813-513", "Properties": {"name": "V.FRIZZLE@FRIZZ.HTB", "domain": "FRIZZ.HTB", "domainsid": "S-1-5-21-2386970044-1145388522-2932701813", "distinguishedname": "CN=V.FRIZZLE,OU=CLASS_FRIZZ,DC=FRIZZ,DC=HTB", "unconstraineddelegation": false, "trustedtoauth": false, "passwordnotreqd": false, "enabled": true, "lastlogon": 1768974791, "lastlogontimestamp": 1768973290, "pwdlastset": 1730212024, "dontreqpreauth": false, "pwdneverexpires": true, "sensitive": false, "serviceprincipalnames": [], "hasspn": false, "displayname": "valerie frizzle", "email": null, "title": null, "homedirectory": null, "description": "The Wizard", "userpassword": null, "admincount": true, "sidhistory": [], "whencreated": 1730212024, "unixpassword": null, "unicodepassword": null, "logonscript": null, "samaccountname": "v.frizzle", "sfupassword": null}, "Aces": [{"RightName": "Owns", "IsInherited": false, "PrincipalSID": "S-1-5-21-2386970044-1145388522-2932701813-512", "PrincipalType": "Group"}, {"RightName": "GenericWrite", "IsInherited": false, "PrincipalSID": "S-1-5-21-2386970044-1145388522-2932701813-512", "PrincipalType": "Group"}, {"RightName": "WriteOwner", "IsInherited": false, "PrincipalSID": "S-1-5-21-2386970044-1145388522-2932701813-512", "PrincipalType": "Group"}, {"RightName": "AllExtendedRights", "IsInherited": false, "PrincipalSID": "S-1-5-21-2386970044-1145388522-2932701813-512", "PrincipalType": "Group"}, {"RightName": "WriteDacl", "IsInherited": false, "PrincipalSID": "S-1-5-21-2386970044-1145388522-2932701813-512", "PrincipalType": "Group"}, {"RightName": "GenericWrite", "IsInherited": false, "PrincipalSID": "S-1-5-21-2386970044-1145388522-2932701813-519", "PrincipalType": "Group"}, {"RightName": "WriteOwner", "IsInherited": false, "PrincipalSID": "S-1-5-21-2386970044-1145388522-2932701813-519", "PrincipalType": "Group"}, {"RightName": "AllExtendedRights", "IsInherited": false, "PrincipalSID": "S-1-5-21-2386970044-1145388522-2932701813-519", "PrincipalType": "Group"}, {"RightName": "WriteDacl", "IsInherited": false, "PrincipalSID": "S-1-5-21-2386970044-1145388522-2932701813-519", "PrincipalType": "Group"}, {"RightName": "GenericWrite", "IsInherited": false, "PrincipalSID": "FRIZZ.HTB-S-1-5-32-544", "PrincipalType": "Group"}, {"RightName": "WriteOwner", "IsInherited": false, "PrincipalSID": "FRIZZ.HTB-S-1-5-32-544", "PrincipalType": "Group"}, {"RightName": "AllExtendedRights", "IsInherited": false, "PrincipalSID": "FRIZZ.HTB-S-1-5-32-544", "PrincipalType": "Group"}, {"RightName": "WriteDacl", "IsInherited": false, "PrincipalSID": "FRIZZ.HTB-S-1-5-32-544", "PrincipalType": "Group"}], "SPNTargets": [], "HasSIDHistory": [], "IsDeleted": false, "IsACLProtected": true},{"AllowedToDelegate": [], "ObjectIdentifier": "S-1-5-21-2386970044-1145388522-2932701813-1114", "PrimaryGroupSID": "S-1-5-21-2386970044-1145388522-2932701813-513", "Properties": {"name": "P.TERESE@FRIZZ.HTB", "domain": "FRIZZ.HTB", "domainsid": "S-1-5-21-2386970044-1145388522-2932701813", "distinguishedname": "CN=P.TERESE,OU=CLASS_FRIZZ,DC=FRIZZ,DC=HTB", "unconstraineddelegation": false, "trustedtoauth": false, "passwordnotreqd": false, "enabled": true, "lastlogon": 0, "lastlogontimestamp": -1, "pwdlastset": 1730212024, "dontreqpreauth": false, "pwdneverexpires": true, "sensitive": false, "serviceprincipalnames": [], "hasspn": false, "displayname": "phoebe terese", "email": null, "title": null, "homedirectory": null, "description": "Student", "userpassword": null, "admincount": false, "sidhistory": [], "whencreated": 1730212024, "unixpassword": null, "unicodepassword": null, "logonscript": null, "samaccountname": "p.terese", "sfupassword": null}, "Aces": [{"RightName": "Owns", "IsInherited": false, "PrincipalSID": "S-1-5-21-2386970044-1145388522-2932701813-1106", "PrincipalType": "User"}, {"RightName": "GenericAll", "IsInherited": false, "PrincipalSID": "S-1-5-21-2386970044-1145388522-2932701813-512", "PrincipalType": "Group"}, {"RightName": "GenericAll", "IsInherited": false, "PrincipalSID": "FRIZZ.HTB-S-1-5-32-548", "PrincipalType": "Group"}, {"RightName": "AddKeyCredentialLink", "IsInherited": true, "PrincipalSID": "S-1-5-21-2386970044-1145388522-2932701813-526", "PrincipalType": "Group"}, {"RightName": "AddKeyCredentialLink", "IsInherited": true, "PrincipalSID": "S-1-5-21-2386970044-1145388522-2932701813-527", "PrincipalType": "Group"}, {"RightName": "GenericAll", "IsInherited": true, "PrincipalSID": "S-1-5-21-2386970044-1145388522-2932701813-519", "PrincipalType": "Group"}, {"RightName": "GenericWrite", "IsInherited": true, "PrincipalSID": "FRIZZ.HTB-S-1-5-32-544", "PrincipalType": "Group"}, {"RightName": "WriteOwner", "IsInherited": true, "PrincipalSID": "FRIZZ.HTB-S-1-5-32-544", "PrincipalType": "Group"}, {"RightName": "AllExtendedRights", "IsInherited": true, "PrincipalSID": "FRIZZ.HTB-S-1-5-32-544", "PrincipalType": "Group"}, {"RightName": "WriteDacl", "IsInherited": true, "PrincipalSID": "FRIZZ.HTB-S-1-5-32-544", "PrincipalType": "Group"}], "SPNTargets": [], "HasSIDHistory": [], "IsDeleted": false, "IsACLProtected": false},{"AllowedToDelegate": [], "ObjectIdentifier": "S-1-5-21-2386970044-1145388522-2932701813-1113", "PrimaryGroupSID": "S-1-5-21-2386970044-1145388522-2932701813-513", "Properties": {"name": "A.PERLSTEIN@FRIZZ.HTB", "domain": "FRIZZ.HTB", "domainsid": "S-1-5-21-2386970044-1145388522-2932701813", "distinguishedname": "CN=A.PERLSTEIN,OU=CLASS_FRIZZ,DC=FRIZZ,DC=HTB", "unconstraineddelegation": false, "trustedtoauth": false, "passwordnotreqd": false, "enabled": true, "lastlogon": 0, "lastlogontimestamp": -1, "pwdlastset": 1730212024, "dontreqpreauth": false, "pwdneverexpires": true, "sensitive": false, "serviceprincipalnames": [], "hasspn": false, "displayname": "arnold perlstein", "email": null, "title": null, "homedirectory": null, "description": "Student", "userpassword": null, "admincount": false, "sidhistory": [], "whencreated": 1730212024, "unixpassword": null, "unicodepassword": null, "logonscript": null, "samaccountname": "a.perlstein", "sfupassword": null}, "Aces": [{"RightName": "Owns", "IsInherited": false, "PrincipalSID": "S-1-5-21-2386970044-1145388522-2932701813-1106", "PrincipalType": "User"}, {"RightName": "GenericAll", "IsInherited": false, "PrincipalSID": "S-1-5-21-2386970044-1145388522-2932701813-512", "PrincipalType": "Group"}, {"RightName": "GenericAll", "IsInherited": false, "PrincipalSID": "FRIZZ.HTB-S-1-5-32-548", "PrincipalType": "Group"}, {"RightName": "AddKeyCredentialLink", "IsInherited": true, "PrincipalSID": "S-1-5-21-2386970044-1145388522-2932701813-526", "PrincipalType": "Group"}, {"RightName": "AddKeyCredentialLink", "IsInherited": true, "PrincipalSID": "S-1-5-21-2386970044-1145388522-2932701813-527", "PrincipalType": "Group"}, {"RightName": "GenericAll", "IsInherited": true, "PrincipalSID": "S-1-5-21-2386970044-1145388522-2932701813-519", "PrincipalType": "Group"}, {"RightName": "GenericWrite", "IsInherited": true, "PrincipalSID": "FRIZZ.HTB-S-1-5-32-544", "PrincipalType": "Group"}, {"RightName": "WriteOwner", "IsInherited": true, "PrincipalSID": "FRIZZ.HTB-S-1-5-32-544", "PrincipalType": "Group"}, {"RightName": "AllExtendedRights", "IsInherited": true, "PrincipalSID": "FRIZZ.HTB-S-1-5-32-544", "PrincipalType": "Group"}, {"RightName": "WriteDacl", "IsInherited": true, "PrincipalSID": "FRIZZ.HTB-S-1-5-32-544", "PrincipalType": "Group"}], "SPNTargets": [], "HasSIDHistory": [], "IsDeleted": false, "IsACLProtected": false},{"AllowedToDelegate": [], "ObjectIdentifier": "S-1-5-21-2386970044-1145388522-2932701813-1112", "PrimaryGroupSID": "S-1-5-21-2386970044-1145388522-2932701813-513", "Properties": {"name": "J.PERLSTEIN@FRIZZ.HTB", "domain": "FRIZZ.HTB", "domainsid": "S-1-5-21-2386970044-1145388522-2932701813", "distinguishedname": "CN=J.PERLSTEIN,OU=CLASS_FRIZZ,DC=FRIZZ,DC=HTB", "unconstraineddelegation": false, "trustedtoauth": false, "passwordnotreqd": false, "enabled": true, "lastlogon": 0, "lastlogontimestamp": -1, "pwdlastset": 1730212024, "dontreqpreauth": false, "pwdneverexpires": true, "sensitive": false, "serviceprincipalnames": [], "hasspn": false, "displayname": "Janet perlstein", "email": null, "title": null, "homedirectory": null, "description": "Student", "userpassword": null, "admincount": false, "sidhistory": [], "whencreated": 1730212024, "unixpassword": null, "unicodepassword": null, "logonscript": null, "samaccountname": "J.perlstein", "sfupassword": null}, "Aces": [{"RightName": "Owns", "IsInherited": false, "PrincipalSID": "S-1-5-21-2386970044-1145388522-2932701813-1106", "PrincipalType": "User"}, {"RightName": "GenericAll", "IsInherited": false, "PrincipalSID": "S-1-5-21-2386970044-1145388522-2932701813-512", "PrincipalType": "Group"}, {"RightName": "GenericAll", "IsInherited": false, "PrincipalSID": "FRIZZ.HTB-S-1-5-32-548", "PrincipalType": "Group"}, {"RightName": "AddKeyCredentialLink", "IsInherited": true, "PrincipalSID": "S-1-5-21-2386970044-1145388522-2932701813-526", "PrincipalType": "Group"}, {"RightName": "AddKeyCredentialLink", "IsInherited": true, "PrincipalSID": "S-1-5-21-2386970044-1145388522-2932701813-527", "PrincipalType": "Group"}, {"RightName": "GenericAll", "IsInherited": true, "PrincipalSID": "S-1-5-21-2386970044-1145388522-2932701813-519", "PrincipalType": "Group"}, {"RightName": "GenericWrite", "IsInherited": true, "PrincipalSID": "FRIZZ.HTB-S-1-5-32-544", "PrincipalType": "Group"}, {"RightName": "WriteOwner", "IsInherited": true, "PrincipalSID": "FRIZZ.HTB-S-1-5-32-544", "PrincipalType": "Group"}, {"RightName": "AllExtendedRights", "IsInherited": true, "PrincipalSID": "FRIZZ.HTB-S-1-5-32-544", "PrincipalType": "Group"}, {"RightName": "WriteDacl", "IsInherited": true, "PrincipalSID": "FRIZZ.HTB-S-1-5-32-544", "PrincipalType": "Group"}], "SPNTargets": [], "HasSIDHistory": [], "IsDeleted": false, "IsACLProtected": false},{"AllowedToDelegate": [], "ObjectIdentifier": "S-1-5-21-2386970044-1145388522-2932701813-1111", "PrimaryGroupSID": "S-1-5-21-2386970044-1145388522-2932701813-513", "Properties": {"name": "R.TENNELLI@FRIZZ.HTB", "domain": "FRIZZ.HTB", "domainsid": "S-1-5-21-2386970044-1145388522-2932701813", "distinguishedname": "CN=R.TENNELLI,OU=CLASS_FRIZZ,DC=FRIZZ,DC=HTB", "unconstraineddelegation": false, "trustedtoauth": false, "passwordnotreqd": false, "enabled": true, "lastlogon": 0, "lastlogontimestamp": -1, "pwdlastset": 1730212024, "dontreqpreauth": false, "pwdneverexpires": true, "sensitive": false, "serviceprincipalnames": [], "hasspn": false, "displayname": "ralphie tennelli", "email": null, "title": null, "homedirectory": null, "description": "Student", "userpassword": null, "admincount": false, "sidhistory": [], "whencreated": 1730212024, "unixpassword": null, "unicodepassword": null, "logonscript": null, "samaccountname": "r.tennelli", "sfupassword": null}, "Aces": [{"RightName": "Owns", "IsInherited": false, "PrincipalSID": "S-1-5-21-2386970044-1145388522-2932701813-1106", "PrincipalType": "User"}, {"RightName": "GenericAll", "IsInherited": false, "PrincipalSID": "S-1-5-21-2386970044-1145388522-2932701813-512", "PrincipalType": "Group"}, {"RightName": "GenericAll", "IsInherited": false, "PrincipalSID": "FRIZZ.HTB-S-1-5-32-548", "PrincipalType": "Group"}, {"RightName": "AddKeyCredentialLink", "IsInherited": true, "PrincipalSID": "S-1-5-21-2386970044-1145388522-2932701813-526", "PrincipalType": "Group"}, {"RightName": "AddKeyCredentialLink", "IsInherited": true, "PrincipalSID": "S-1-5-21-2386970044-1145388522-2932701813-527", "PrincipalType": "Group"}, {"RightName": "GenericAll", "IsInherited": true, "PrincipalSID": "S-1-5-21-2386970044-1145388522-2932701813-519", "PrincipalType": "Group"}, {"RightName": "GenericWrite", "IsInherited": true, "PrincipalSID": "FRIZZ.HTB-S-1-5-32-544", "PrincipalType": "Group"}, {"RightName": "WriteOwner", "IsInherited": true, "PrincipalSID": "FRIZZ.HTB-S-1-5-32-544", "PrincipalType": "Group"}, {"RightName": "AllExtendedRights", "IsInherited": true, "PrincipalSID": "FRIZZ.HTB-S-1-5-32-544", "PrincipalType": "Group"}, {"RightName": "WriteDacl", "IsInherited": true, "PrincipalSID": "FRIZZ.HTB-S-1-5-32-544", "PrincipalType": "Group"}], "SPNTargets": [], "HasSIDHistory": [], "IsDeleted": false, "IsACLProtected": false},{"AllowedToDelegate": [], "ObjectIdentifier": "S-1-5-21-2386970044-1145388522-2932701813-1109", "PrimaryGroupSID": "S-1-5-21-2386970044-1145388522-2932701813-513", "Properties": {"name": "L.AWESOME@FRIZZ.HTB", "domain": "FRIZZ.HTB", "domainsid": "S-1-5-21-2386970044-1145388522-2932701813", "distinguishedname": "CN=L.AWESOME,OU=CLASS_FRIZZ,DC=FRIZZ,DC=HTB", "unconstraineddelegation": false, "trustedtoauth": false, "passwordnotreqd": false, "enabled": true, "lastlogon": 0, "lastlogontimestamp": -1, "pwdlastset": 1730212023, "dontreqpreauth": false, "pwdneverexpires": true, "sensitive": false, "serviceprincipalnames": [], "hasspn": false, "displayname": "liz awesome", "email": null, "title": null, "homedirectory": null, "description": "Student", "userpassword": null, "admincount": false, "sidhistory": [], "whencreated": 1730212023, "unixpassword": null, "unicodepassword": null, "logonscript": null, "samaccountname": "l.awesome", "sfupassword": null}, "Aces": [{"RightName": "Owns", "IsInherited": false, "PrincipalSID": "S-1-5-21-2386970044-1145388522-2932701813-1106", "PrincipalType": "User"}, {"RightName": "GenericAll", "IsInherited": false, "PrincipalSID": "S-1-5-21-2386970044-1145388522-2932701813-512", "PrincipalType": "Group"}, {"RightName": "GenericAll", "IsInherited": false, "PrincipalSID": "FRIZZ.HTB-S-1-5-32-548", "PrincipalType": "Group"}, {"RightName": "AddKeyCredentialLink", "IsInherited": true, "PrincipalSID": "S-1-5-21-2386970044-1145388522-2932701813-526", "PrincipalType": "Group"}, {"RightName": "AddKeyCredentialLink", "IsInherited": true, "PrincipalSID": "S-1-5-21-2386970044-1145388522-2932701813-527", "PrincipalType": "Group"}, {"RightName": "GenericAll", "IsInherited": true, "PrincipalSID": "S-1-5-21-2386970044-1145388522-2932701813-519", "PrincipalType": "Group"}, {"RightName": "GenericWrite", "IsInherited": true, "PrincipalSID": "FRIZZ.HTB-S-1-5-32-544", "PrincipalType": "Group"}, {"RightName": "WriteOwner", "IsInherited": true, "PrincipalSID": "FRIZZ.HTB-S-1-5-32-544", "PrincipalType": "Group"}, {"RightName": "AllExtendedRights", "IsInherited": true, "PrincipalSID": "FRIZZ.HTB-S-1-5-32-544", "PrincipalType": "Group"}, {"RightName": "WriteDacl", "IsInherited": true, "PrincipalSID": "FRIZZ.HTB-S-1-5-32-544", "PrincipalType": "Group"}], "SPNTargets": [], "HasSIDHistory": [], "IsDeleted": false, "IsACLProtected": false},{"AllowedToDelegate": [], "ObjectIdentifier": "S-1-5-21-2386970044-1145388522-2932701813-1110", "PrimaryGroupSID": "S-1-5-21-2386970044-1145388522-2932701813-513", "Properties": {"name": "T.WRIGHT@FRIZZ.HTB", "domain": "FRIZZ.HTB", "domainsid": "S-1-5-21-2386970044-1145388522-2932701813", "distinguishedname": "CN=T.WRIGHT,OU=CLASS_FRIZZ,DC=FRIZZ,DC=HTB", "unconstraineddelegation": false, "trustedtoauth": false, "passwordnotreqd": false, "enabled": true, "lastlogon": 0, "lastlogontimestamp": -1, "pwdlastset": 1730212023, "dontreqpreauth": false, "pwdneverexpires": true, "sensitive": false, "serviceprincipalnames": [], "hasspn": false, "displayname": "tim wright", "email": null, "title": null, "homedirectory": null, "description": "Student", "userpassword": null, "admincount": false, "sidhistory": [], "whencreated": 1730212023, "unixpassword": null, "unicodepassword": null, "logonscript": null, "samaccountname": "t.wright", "sfupassword": null}, "Aces": [{"RightName": "Owns", "IsInherited": false, "PrincipalSID": "S-1-5-21-2386970044-1145388522-2932701813-1106", "PrincipalType": "User"}, {"RightName": "GenericAll", "IsInherited": false, "PrincipalSID": "S-1-5-21-2386970044-1145388522-2932701813-512", "PrincipalType": "Group"}, {"RightName": "GenericAll", "IsInherited": false, "PrincipalSID": "FRIZZ.HTB-S-1-5-32-548", "PrincipalType": "Group"}, {"RightName": "AddKeyCredentialLink", "IsInherited": true, "PrincipalSID": "S-1-5-21-2386970044-1145388522-2932701813-526", "PrincipalType": "Group"}, {"RightName": "AddKeyCredentialLink", "IsInherited": true, "PrincipalSID": "S-1-5-21-2386970044-1145388522-2932701813-527", "PrincipalType": "Group"}, {"RightName": "GenericAll", "IsInherited": true, "PrincipalSID": "S-1-5-21-2386970044-1145388522-2932701813-519", "PrincipalType": "Group"}, {"RightName": "GenericWrite", "IsInherited": true, "PrincipalSID": "FRIZZ.HTB-S-1-5-32-544", "PrincipalType": "Group"}, {"RightName": "WriteOwner", "IsInherited": true, "PrincipalSID": "FRIZZ.HTB-S-1-5-32-544", "PrincipalType": "Group"}, {"RightName": "AllExtendedRights", "IsInherited": true, "PrincipalSID": "FRIZZ.HTB-S-1-5-32-544", "PrincipalType": "Group"}, {"RightName": "WriteDacl", "IsInherited": true, "PrincipalSID": "FRIZZ.HTB-S-1-5-32-544", "PrincipalType": "Group"}], "SPNTargets": [], "HasSIDHistory": [], "IsDeleted": false, "IsACLProtected": false},{"AllowedToDelegate": [], "ObjectIdentifier": "S-1-5-21-2386970044-1145388522-2932701813-1108", "PrimaryGroupSID": "S-1-5-21-2386970044-1145388522-2932701813-513", "Properties": {"name": "K.FRANKLIN@FRIZZ.HTB", "domain": "FRIZZ.HTB", "domainsid": "S-1-5-21-2386970044-1145388522-2932701813", "distinguishedname": "CN=K.FRANKLIN,OU=CLASS_FRIZZ,DC=FRIZZ,DC=HTB", "unconstraineddelegation": false, "trustedtoauth": false, "passwordnotreqd": false, "enabled": true, "lastlogon": 0, "lastlogontimestamp": -1, "pwdlastset": 1730212023, "dontreqpreauth": false, "pwdneverexpires": true, "sensitive": false, "serviceprincipalnames": [], "hasspn": false, "displayname": "keesha franklin", "email": null, "title": null, "homedirectory": null, "description": "Student", "userpassword": null, "admincount": false, "sidhistory": [], "whencreated": 1730212023, "unixpassword": null, "unicodepassword": null, "logonscript": null, "samaccountname": "k.franklin", "sfupassword": null}, "Aces": [{"RightName": "Owns", "IsInherited": false, "PrincipalSID": "S-1-5-21-2386970044-1145388522-2932701813-1106", "PrincipalType": "User"}, {"RightName": "GenericAll", "IsInherited": false, "PrincipalSID": "S-1-5-21-2386970044-1145388522-2932701813-512", "PrincipalType": "Group"}, {"RightName": "GenericAll", "IsInherited": false, "PrincipalSID": "FRIZZ.HTB-S-1-5-32-548", "PrincipalType": "Group"}, {"RightName": "AddKeyCredentialLink", "IsInherited": true, "PrincipalSID": "S-1-5-21-2386970044-1145388522-2932701813-526", "PrincipalType": "Group"}, {"RightName": "AddKeyCredentialLink", "IsInherited": true, "PrincipalSID": "S-1-5-21-2386970044-1145388522-2932701813-527", "PrincipalType": "Group"}, {"RightName": "GenericAll", "IsInherited": true, "PrincipalSID": "S-1-5-21-2386970044-1145388522-2932701813-519", "PrincipalType": "Group"}, {"RightName": "GenericWrite", "IsInherited": true, "PrincipalSID": "FRIZZ.HTB-S-1-5-32-544", "PrincipalType": "Group"}, {"RightName": "WriteOwner", "IsInherited": true, "PrincipalSID": "FRIZZ.HTB-S-1-5-32-544", "PrincipalType": "Group"}, {"RightName": "AllExtendedRights", "IsInherited": true, "PrincipalSID": "FRIZZ.HTB-S-1-5-32-544", "PrincipalType": "Group"}, {"RightName": "WriteDacl", "IsInherited": true, "PrincipalSID": "FRIZZ.HTB-S-1-5-32-544", "PrincipalType": "Group"}], "SPNTargets": [], "HasSIDHistory": [], "IsDeleted": false, "IsACLProtected": false},{"AllowedToDelegate": [], "ObjectIdentifier": "S-1-5-21-2386970044-1145388522-2932701813-1106", "PrimaryGroupSID": "S-1-5-21-2386970044-1145388522-2932701813-513", "Properties": {"name": "M.SCHOOLBUS@FRIZZ.HTB", "domain": "FRIZZ.HTB", "domainsid": "S-1-5-21-2386970044-1145388522-2932701813", "distinguishedname": "CN=M.SCHOOLBUS,OU=CLASS_FRIZZ,DC=FRIZZ,DC=HTB", "unconstraineddelegation": false, "trustedtoauth": false, "passwordnotreqd": false, "enabled": true, "lastlogon": 1740520928, "lastlogontimestamp": 1740513928, "pwdlastset": 1730212023, "dontreqpreauth": false, "pwdneverexpires": true, "sensitive": false, "serviceprincipalnames": [], "hasspn": false, "displayname": "Marvin SchoolBus", "email": null, "title": null, "homedirectory": null, "description": "Desktop Administrator", "userpassword": null, "admincount": false, "sidhistory": [], "whencreated": 1730212023, "unixpassword": null, "unicodepassword": null, "logonscript": null, "samaccountname": "M.SchoolBus", "sfupassword": null}, "Aces": [{"RightName": "Owns", "IsInherited": false, "PrincipalSID": "S-1-5-21-2386970044-1145388522-2932701813-512", "PrincipalType": "Group"}, {"RightName": "GenericAll", "IsInherited": false, "PrincipalSID": "S-1-5-21-2386970044-1145388522-2932701813-512", "PrincipalType": "Group"}, {"RightName": "GenericAll", "IsInherited": false, "PrincipalSID": "FRIZZ.HTB-S-1-5-32-548", "PrincipalType": "Group"}, {"RightName": "AddKeyCredentialLink", "IsInherited": true, "PrincipalSID": "S-1-5-21-2386970044-1145388522-2932701813-526", "PrincipalType": "Group"}, {"RightName": "AddKeyCredentialLink", "IsInherited": true, "PrincipalSID": "S-1-5-21-2386970044-1145388522-2932701813-527", "PrincipalType": "Group"}, {"RightName": "GenericAll", "IsInherited": true, "PrincipalSID": "S-1-5-21-2386970044-1145388522-2932701813-519", "PrincipalType": "Group"}, {"RightName": "GenericWrite", "IsInherited": true, "PrincipalSID": "FRIZZ.HTB-S-1-5-32-544", "PrincipalType": "Group"}, {"RightName": "WriteOwner", "IsInherited": true, "PrincipalSID": "FRIZZ.HTB-S-1-5-32-544", "PrincipalType": "Group"}, {"RightName": "AllExtendedRights", "IsInherited": true, "PrincipalSID": "FRIZZ.HTB-S-1-5-32-544", "PrincipalType": "Group"}, {"RightName": "WriteDacl", "IsInherited": true, "PrincipalSID": "FRIZZ.HTB-S-1-5-32-544", "PrincipalType": "Group"}], "SPNTargets": [], "HasSIDHistory": [], "IsDeleted": false, "IsACLProtected": false},{"AllowedToDelegate": [], "ObjectIdentifier": "S-1-5-21-2386970044-1145388522-2932701813-1107", "PrimaryGroupSID": "S-1-5-21-2386970044-1145388522-2932701813-513", "Properties": {"name": "D.HUDSON@FRIZZ.HTB", "domain": "FRIZZ.HTB", "domainsid": "S-1-5-21-2386970044-1145388522-2932701813", "distinguishedname": "CN=D.HUDSON,OU=CLASS_FRIZZ,DC=FRIZZ,DC=HTB", "unconstraineddelegation": false, "trustedtoauth": false, "passwordnotreqd": false, "enabled": true, "lastlogon": 0, "lastlogontimestamp": -1, "pwdlastset": 1730212023, "dontreqpreauth": false, "pwdneverexpires": true, "sensitive": false, "serviceprincipalnames": [], "hasspn": false, "displayname": "dorothy hudson", "email": null, "title": null, "homedirectory": null, "description": "Student", "userpassword": null, "admincount": false, "sidhistory": [], "whencreated": 1730212023, "unixpassword": null, "unicodepassword": null, "logonscript": null, "samaccountname": "d.hudson", "sfupassword": null}, "Aces": [{"RightName": "Owns", "IsInherited": false, "PrincipalSID": "S-1-5-21-2386970044-1145388522-2932701813-1106", "PrincipalType": "User"}, {"RightName": "GenericAll", "IsInherited": false, "PrincipalSID": "S-1-5-21-2386970044-1145388522-2932701813-512", "PrincipalType": "Group"}, {"RightName": "GenericAll", "IsInherited": false, "PrincipalSID": "FRIZZ.HTB-S-1-5-32-548", "PrincipalType": "Group"}, {"RightName": "AddKeyCredentialLink", "IsInherited": true, "PrincipalSID": "S-1-5-21-2386970044-1145388522-2932701813-526", "PrincipalType": "Group"}, {"RightName": "AddKeyCredentialLink", "IsInherited": true, "PrincipalSID": "S-1-5-21-2386970044-1145388522-2932701813-527", "PrincipalType": "Group"}, {"RightName": "GenericAll", "IsInherited": true, "PrincipalSID": "S-1-5-21-2386970044-1145388522-2932701813-519", "PrincipalType": "Group"}, {"RightName": "GenericWrite", "IsInherited": true, "PrincipalSID": "FRIZZ.HTB-S-1-5-32-544", "PrincipalType": "Group"}, {"RightName": "WriteOwner", "IsInherited": true, "PrincipalSID": "FRIZZ.HTB-S-1-5-32-544", "PrincipalType": "Group"}, {"RightName": "AllExtendedRights", "IsInherited": true, "PrincipalSID": "FRIZZ.HTB-S-1-5-32-544", "PrincipalType": "Group"}, {"RightName": "WriteDacl", "IsInherited": true, "PrincipalSID": "FRIZZ.HTB-S-1-5-32-544", "PrincipalType": "Group"}], "SPNTargets": [], "HasSIDHistory": [], "IsDeleted": false, "IsACLProtected": false},{"AllowedToDelegate": [], "ObjectIdentifier": "S-1-5-21-2386970044-1145388522-2932701813-1105", "PrimaryGroupSID": "S-1-5-21-2386970044-1145388522-2932701813-513", "Properties": {"name": "H.ARM@FRIZZ.HTB", "domain": "FRIZZ.HTB", "domainsid": "S-1-5-21-2386970044-1145388522-2932701813", "distinguishedname": "CN=H.ARM,OU=CLASS_FRIZZ,DC=FRIZZ,DC=HTB", "unconstraineddelegation": false, "trustedtoauth": false, "passwordnotreqd": false, "enabled": true, "lastlogon": 0, "lastlogontimestamp": -1, "pwdlastset": 1730212023, "dontreqpreauth": false, "pwdneverexpires": true, "sensitive": false, "serviceprincipalnames": [], "hasspn": false, "displayname": "harry arm", "email": null, "title": null, "homedirectory": null, "description": "Student", "userpassword": null, "admincount": false, "sidhistory": [], "whencreated": 1730212023, "unixpassword": null, "unicodepassword": null, "logonscript": null, "samaccountname": "h.arm", "sfupassword": null}, "Aces": [{"RightName": "Owns", "IsInherited": false, "PrincipalSID": "S-1-5-21-2386970044-1145388522-2932701813-1106", "PrincipalType": "User"}, {"RightName": "GenericAll", "IsInherited": false, "PrincipalSID": "S-1-5-21-2386970044-1145388522-2932701813-512", "PrincipalType": "Group"}, {"RightName": "GenericAll", "IsInherited": false, "PrincipalSID": "FRIZZ.HTB-S-1-5-32-548", "PrincipalType": "Group"}, {"RightName": "AddKeyCredentialLink", "IsInherited": true, "PrincipalSID": "S-1-5-21-2386970044-1145388522-2932701813-526", "PrincipalType": "Group"}, {"RightName": "AddKeyCredentialLink", "IsInherited": true, "PrincipalSID": "S-1-5-21-2386970044-1145388522-2932701813-527", "PrincipalType": "Group"}, {"RightName": "GenericAll", "IsInherited": true, "PrincipalSID": "S-1-5-21-2386970044-1145388522-2932701813-519", "PrincipalType": "Group"}, {"RightName": "GenericWrite", "IsInherited": true, "PrincipalSID": "FRIZZ.HTB-S-1-5-32-544", "PrincipalType": "Group"}, {"RightName": "WriteOwner", "IsInherited": true, "PrincipalSID": "FRIZZ.HTB-S-1-5-32-544", "PrincipalType": "Group"}, {"RightName": "AllExtendedRights", "IsInherited": true, "PrincipalSID": "FRIZZ.HTB-S-1-5-32-544", "PrincipalType": "Group"}, {"RightName": "WriteDacl", "IsInherited": true, "PrincipalSID": "FRIZZ.HTB-S-1-5-32-544", "PrincipalType": "Group"}], "SPNTargets": [], "HasSIDHistory": [], "IsDeleted": false, "IsACLProtected": false},{"AllowedToDelegate": [], "ObjectIdentifier": "S-1-5-21-2386970044-1145388522-2932701813-1104", "PrimaryGroupSID": "S-1-5-21-2386970044-1145388522-2932701813-513", "Properties": {"name": "W.LI@FRIZZ.HTB", "domain": "FRIZZ.HTB", "domainsid": "S-1-5-21-2386970044-1145388522-2932701813", "distinguishedname": "CN=W.LI,OU=CLASS_FRIZZ,DC=FRIZZ,DC=HTB", "unconstraineddelegation": false, "trustedtoauth": false, "passwordnotreqd": false, "enabled": true, "lastlogon": 0, "lastlogontimestamp": -1, "pwdlastset": 1730212023, "dontreqpreauth": false, "pwdneverexpires": true, "sensitive": false, "serviceprincipalnames": [], "hasspn": false, "displayname": "wanda li", "email": null, "title": null, "homedirectory": null, "description": "Student", "userpassword": null, "admincount": false, "sidhistory": [], "whencreated": 1730212023, "unixpassword": null, "unicodepassword": null, "logonscript": null, "samaccountname": "w.li", "sfupassword": null}, "Aces": [{"RightName": "Owns", "IsInherited": false, "PrincipalSID": "S-1-5-21-2386970044-1145388522-2932701813-1106", "PrincipalType": "User"}, {"RightName": "GenericAll", "IsInherited": false, "PrincipalSID": "S-1-5-21-2386970044-1145388522-2932701813-512", "PrincipalType": "Group"}, {"RightName": "GenericAll", "IsInherited": false, "PrincipalSID": "FRIZZ.HTB-S-1-5-32-548", "PrincipalType": "Group"}, {"RightName": "AddKeyCredentialLink", "IsInherited": true, "PrincipalSID": "S-1-5-21-2386970044-1145388522-2932701813-526", "PrincipalType": "Group"}, {"RightName": "AddKeyCredentialLink", "IsInherited": true, "PrincipalSID": "S-1-5-21-2386970044-1145388522-2932701813-527", "PrincipalType": "Group"}, {"RightName": "GenericAll", "IsInherited": true, "PrincipalSID": "S-1-5-21-2386970044-1145388522-2932701813-519", "PrincipalType": "Group"}, {"RightName": "GenericWrite", "IsInherited": true, "PrincipalSID": "FRIZZ.HTB-S-1-5-32-544", "PrincipalType": "Group"}, {"RightName": "WriteOwner", "IsInherited": true, "PrincipalSID": "FRIZZ.HTB-S-1-5-32-544", "PrincipalType": "Group"}, {"RightName": "AllExtendedRights", "IsInherited": true, "PrincipalSID": "FRIZZ.HTB-S-1-5-32-544", "PrincipalType": "Group"}, {"RightName": "WriteDacl", "IsInherited": true, "PrincipalSID": "FRIZZ.HTB-S-1-5-32-544", "PrincipalType": "Group"}], "SPNTargets": [], "HasSIDHistory": [], "IsDeleted": false, "IsACLProtected": false},{"AllowedToDelegate": [], "ObjectIdentifier": "S-1-5-21-2386970044-1145388522-2932701813-1103", "PrimaryGroupSID": "S-1-5-21-2386970044-1145388522-2932701813-513", "Properties": {"name": "F.FRIZZLE@FRIZZ.HTB", "domain": "FRIZZ.HTB", "domainsid": "S-1-5-21-2386970044-1145388522-2932701813", "distinguishedname": "CN=F.FRIZZLE,OU=CLASS_FRIZZ,DC=FRIZZ,DC=HTB", "unconstraineddelegation": false, "trustedtoauth": false, "passwordnotreqd": false, "enabled": true, "lastlogon": 1768974977, "lastlogontimestamp": 1768973290, "pwdlastset": 1730212023, "dontreqpreauth": false, "pwdneverexpires": true, "sensitive": false, "serviceprincipalnames": [], "hasspn": false, "displayname": "fiona frizzle", "email": null, "title": null, "homedirectory": null, "description": "Wizard in Training", "userpassword": null, "admincount": false, "sidhistory": [], "whencreated": 1730212023, "unixpassword": null, "unicodepassword": null, "logonscript": null, "samaccountname": "f.frizzle", "sfupassword": null}, "Aces": [{"RightName": "Owns", "IsInherited": false, "PrincipalSID": "S-1-5-21-2386970044-1145388522-2932701813-512", "PrincipalType": "Group"}, {"RightName": "GenericAll", "IsInherited": false, "PrincipalSID": "S-1-5-21-2386970044-1145388522-2932701813-512", "PrincipalType": "Group"}, {"RightName": "GenericAll", "IsInherited": false, "PrincipalSID": "FRIZZ.HTB-S-1-5-32-548", "PrincipalType": "Group"}, {"RightName": "AddKeyCredentialLink", "IsInherited": true, "PrincipalSID": "S-1-5-21-2386970044-1145388522-2932701813-526", "PrincipalType": "Group"}, {"RightName": "AddKeyCredentialLink", "IsInherited": true, "PrincipalSID": "S-1-5-21-2386970044-1145388522-2932701813-527", "PrincipalType": "Group"}, {"RightName": "GenericAll", "IsInherited": true, "PrincipalSID": "S-1-5-21-2386970044-1145388522-2932701813-519", "PrincipalType": "Group"}, {"RightName": "GenericWrite", "IsInherited": true, "PrincipalSID": "FRIZZ.HTB-S-1-5-32-544", "PrincipalType": "Group"}, {"RightName": "WriteOwner", "IsInherited": true, "PrincipalSID": "FRIZZ.HTB-S-1-5-32-544", "PrincipalType": "Group"}, {"RightName": "AllExtendedRights", "IsInherited": true, "PrincipalSID": "FRIZZ.HTB-S-1-5-32-544", "PrincipalType": "Group"}, {"RightName": "WriteDacl", "IsInherited": true, "PrincipalSID": "FRIZZ.HTB-S-1-5-32-544", "PrincipalType": "Group"}], "SPNTargets": [], "HasSIDHistory": [], "IsDeleted": false, "IsACLProtected": false},{"AllowedToDelegate": [], "ObjectIdentifier": "S-1-5-21-2386970044-1145388522-2932701813-502", "PrimaryGroupSID": "S-1-5-21-2386970044-1145388522-2932701813-513", "Properties": {"name": "KRBTGT@FRIZZ.HTB", "domain": "FRIZZ.HTB", "domainsid": "S-1-5-21-2386970044-1145388522-2932701813", "distinguishedname": "CN=KRBTGT,CN=USERS,DC=FRIZZ,DC=HTB", "unconstraineddelegation": false, "trustedtoauth": false, "passwordnotreqd": false, "enabled": false, "lastlogon": 0, "lastlogontimestamp": -1, "pwdlastset": 1730211594, "dontreqpreauth": false, "pwdneverexpires": false, "sensitive": false, "serviceprincipalnames": ["kadmin/changepw"], "hasspn": true, "displayname": null, "email": null, "title": null, "homedirectory": null, "description": "Key Distribution Center Service Account", "userpassword": null, "admincount": true, "sidhistory": [], "whencreated": 1730211594, "unixpassword": null, "unicodepassword": null, "logonscript": null, "samaccountname": "krbtgt", "sfupassword": null}, "Aces": [{"RightName": "Owns", "IsInherited": false, "PrincipalSID": "S-1-5-21-2386970044-1145388522-2932701813-512", "PrincipalType": "Group"}, {"RightName": "GenericWrite", "IsInherited": false, "PrincipalSID": "S-1-5-21-2386970044-1145388522-2932701813-512", "PrincipalType": "Group"}, {"RightName": "WriteOwner", "IsInherited": false, "PrincipalSID": "S-1-5-21-2386970044-1145388522-2932701813-512", "PrincipalType": "Group"}, {"RightName": "AllExtendedRights", "IsInherited": false, "PrincipalSID": "S-1-5-21-2386970044-1145388522-2932701813-512", "PrincipalType": "Group"}, {"RightName": "WriteDacl", "IsInherited": false, "PrincipalSID": "S-1-5-21-2386970044-1145388522-2932701813-512", "PrincipalType": "Group"}, {"RightName": "GenericWrite", "IsInherited": false, "PrincipalSID": "S-1-5-21-2386970044-1145388522-2932701813-519", "PrincipalType": "Group"}, {"RightName": "WriteOwner", "IsInherited": false, "PrincipalSID": "S-1-5-21-2386970044-1145388522-2932701813-519", "PrincipalType": "Group"}, {"RightName": "AllExtendedRights", "IsInherited": false, "PrincipalSID": "S-1-5-21-2386970044-1145388522-2932701813-519", "PrincipalType": "Group"}, {"RightName": "WriteDacl", "IsInherited": false, "PrincipalSID": "S-1-5-21-2386970044-1145388522-2932701813-519", "PrincipalType": "Group"}, {"RightName": "GenericWrite", "IsInherited": false, "PrincipalSID": "FRIZZ.HTB-S-1-5-32-544", "PrincipalType": "Group"}, {"RightName": "WriteOwner", "IsInherited": false, "PrincipalSID": "FRIZZ.HTB-S-1-5-32-544", "PrincipalType": "Group"}, {"RightName": "AllExtendedRights", "IsInherited": false, "PrincipalSID": "FRIZZ.HTB-S-1-5-32-544", "PrincipalType": "Group"}, {"RightName": "WriteDacl", "IsInherited": false, "PrincipalSID": "FRIZZ.HTB-S-1-5-32-544", "PrincipalType": "Group"}], "SPNTargets": [], "HasSIDHistory": [], "IsDeleted": false, "IsACLProtected": true},{"AllowedToDelegate": [], "ObjectIdentifier": "S-1-5-21-2386970044-1145388522-2932701813-500", "PrimaryGroupSID": "S-1-5-21-2386970044-1145388522-2932701813-513", "Properties": {"name": "ADMINISTRATOR@FRIZZ.HTB", "domain": "FRIZZ.HTB", "domainsid": "S-1-5-21-2386970044-1145388522-2932701813", "distinguishedname": "CN=ADMINISTRATOR,CN=USERS,DC=FRIZZ,DC=HTB", "unconstraineddelegation": false, "trustedtoauth": false, "passwordnotreqd": false, "enabled": true, "lastlogon": 1768973303, "lastlogontimestamp": 1768973295, "pwdlastset": 1740518650, "dontreqpreauth": false, "pwdneverexpires": false, "sensitive": false, "serviceprincipalnames": [], "hasspn": false, "displayname": null, "email": null, "title": null, "homedirectory": null, "description": "Built-in account for administering the computer/domain", "userpassword": null, "admincount": true, "sidhistory": [], "whencreated": 1730211565, "unixpassword": null, "unicodepassword": null, "logonscript": null, "samaccountname": "Administrator", "sfupassword": null}, "Aces": [{"RightName": "Owns", "IsInherited": false, "PrincipalSID": "S-1-5-21-2386970044-1145388522-2932701813-512", "PrincipalType": "Group"}, {"RightName": "GenericWrite", "IsInherited": false, "PrincipalSID": "S-1-5-21-2386970044-1145388522-2932701813-512", "PrincipalType": "Group"}, {"RightName": "WriteOwner", "IsInherited": false, "PrincipalSID": "S-1-5-21-2386970044-1145388522-2932701813-512", "PrincipalType": "Group"}, {"RightName": "AllExtendedRights", "IsInherited": false, "PrincipalSID": "S-1-5-21-2386970044-1145388522-2932701813-512", "PrincipalType": "Group"}, {"RightName": "WriteDacl", "IsInherited": false, "PrincipalSID": "S-1-5-21-2386970044-1145388522-2932701813-512", "PrincipalType": "Group"}, {"RightName": "GenericWrite", "IsInherited": false, "PrincipalSID": "S-1-5-21-2386970044-1145388522-2932701813-519", "PrincipalType": "Group"}, {"RightName": "WriteOwner", "IsInherited": false, "PrincipalSID": "S-1-5-21-2386970044-1145388522-2932701813-519", "PrincipalType": "Group"}, {"RightName": "AllExtendedRights", "IsInherited": false, "PrincipalSID": "S-1-5-21-2386970044-1145388522-2932701813-519", "PrincipalType": "Group"}, {"RightName": "WriteDacl", "IsInherited": false, "PrincipalSID": "S-1-5-21-2386970044-1145388522-2932701813-519", "PrincipalType": "Group"}, {"RightName": "GenericWrite", "IsInherited": false, "PrincipalSID": "FRIZZ.HTB-S-1-5-32-544", "PrincipalType": "Group"}, {"RightName": "WriteOwner", "IsInherited": false, "PrincipalSID": "FRIZZ.HTB-S-1-5-32-544", "PrincipalType": "Group"}, {"RightName": "AllExtendedRights", "IsInherited": false, "PrincipalSID": "FRIZZ.HTB-S-1-5-32-544", "PrincipalType": "Group"}, {"RightName": "WriteDacl", "IsInherited": false, "PrincipalSID": "FRIZZ.HTB-S-1-5-32-544", "PrincipalType": "Group"}], "SPNTargets": [], "HasSIDHistory": [], "IsDeleted": false, "IsACLProtected": true},{"AllowedToDelegate": [], "ObjectIdentifier": "S-1-5-21-2386970044-1145388522-2932701813-501", "PrimaryGroupSID": "S-1-5-21-2386970044-1145388522-2932701813-514", "Properties": {"name": "GUEST@FRIZZ.HTB", "domain": "FRIZZ.HTB", "domainsid": "S-1-5-21-2386970044-1145388522-2932701813", "distinguishedname": "CN=GUEST,CN=USERS,DC=FRIZZ,DC=HTB", "unconstraineddelegation": false, "trustedtoauth": false, "passwordnotreqd": true, "enabled": false, "lastlogon": 0, "lastlogontimestamp": -1, "pwdlastset": 0, "dontreqpreauth": false, "pwdneverexpires": true, "sensitive": false, "serviceprincipalnames": [], "hasspn": false, "displayname": null, "email": null, "title": null, "homedirectory": null, "description": "Built-in account for guest access to the computer/domain", "userpassword": null, "admincount": false, "sidhistory": [], "whencreated": 1730211565, "unixpassword": null, "unicodepassword": null, "logonscript": null, "samaccountname": "Guest", "sfupassword": null}, "Aces": [{"RightName": "Owns", "IsInherited": false, "PrincipalSID": "FRIZZ.HTB-S-1-5-32-544", "PrincipalType": "Group"}, {"RightName": "GenericAll", "IsInherited": false, "PrincipalSID": "S-1-5-21-2386970044-1145388522-2932701813-512", "PrincipalType": "Group"}, {"RightName": "GenericAll", "IsInherited": false, "PrincipalSID": "FRIZZ.HTB-S-1-5-32-548", "PrincipalType": "Group"}, {"RightName": "AddKeyCredentialLink", "IsInherited": true, "PrincipalSID": "S-1-5-21-2386970044-1145388522-2932701813-526", "PrincipalType": "Group"}, {"RightName": "AddKeyCredentialLink", "IsInherited": true, "PrincipalSID": "S-1-5-21-2386970044-1145388522-2932701813-527", "PrincipalType": "Group"}, {"RightName": "GenericAll", "IsInherited": true, "PrincipalSID": "S-1-5-21-2386970044-1145388522-2932701813-519", "PrincipalType": "Group"}, {"RightName": "GenericWrite", "IsInherited": true, "PrincipalSID": "FRIZZ.HTB-S-1-5-32-544", "PrincipalType": "Group"}, {"RightName": "WriteOwner", "IsInherited": true, "PrincipalSID": "FRIZZ.HTB-S-1-5-32-544", "PrincipalType": "Group"}, {"RightName": "AllExtendedRights", "IsInherited": true, "PrincipalSID": "FRIZZ.HTB-S-1-5-32-544", "PrincipalType": "Group"}, {"RightName": "WriteDacl", "IsInherited": true, "PrincipalSID": "FRIZZ.HTB-S-1-5-32-544", "PrincipalType": "Group"}], "SPNTargets": [], "HasSIDHistory": [], "IsDeleted": false, "IsACLProtected": false}],"meta":{"methods":0,"type":"users","count":22, "version":5}}