{"data":[{"ObjectIdentifier": "S-1-5-21-2386970044-1145388522-2932701813-1000", "AllowedToAct": [], "PrimaryGroupSID": "S-1-5-21-2386970044-1145388522-2932701813-516", "LocalAdmins": {"Collected": true, "FailureReason": null, "Results": [{"ObjectIdentifier": "S-1-5-21-2386970044-1145388522-2932701813-500", "ObjectType": "User"}, {"ObjectIdentifier": "S-1-5-21-2386970044-1145388522-2932701813-519", "ObjectType": "Group"}, {"ObjectIdentifier": "S-1-5-21-2386970044-1145388522-2932701813-512", "ObjectType": "Group"}, {"ObjectIdentifier": "S-1-5-21-2386970044-1145388522-2932701813-1115", "ObjectType": "User"}]}, "PSRemoteUsers": {"Collected": true, "FailureReason": null, "Results": [{"ObjectIdentifier": "S-1-5-21-2386970044-1145388522-2932701813-1103", "ObjectType": "User"}, {"ObjectIdentifier": "S-1-5-21-2386970044-1145388522-2932701813-1106", "ObjectType": "User"}]}, "Properties": {"name": "FRIZZDC.FRIZZ.HTB", "domainsid": "S-1-5-21-2386970044-1145388522-2932701813", "domain": "FRIZZ.HTB", "distinguishedname": "CN=FRIZZDC,OU=DOMAIN CONTROLLERS,DC=FRIZZ,DC=HTB", "unconstraineddelegation": true, "enabled": true, "trustedtoauth": false, "samaccountname": "FRIZZDC$", "haslaps": false, "lastlogon": 1768973292, "lastlogontimestamp": 1768973290, "pwdlastset": 1768973279, "whencreated": 1730211594, "serviceprincipalnames": ["Dfsr-12F9A27C-BF97-4787-9364-D31B6C55EB04/frizzdc.frizz.htb", "ldap/frizzdc.frizz.htb/ForestDnsZones.frizz.htb", "ldap/frizzdc.frizz.htb/DomainDnsZones.frizz.htb", "DNS/frizzdc.frizz.htb", "GC/frizzdc.frizz.htb/frizz.htb", "RestrictedKrbHost/frizzdc.frizz.htb", "RestrictedKrbHost/FRIZZDC", "RPC/b07fa65a-d4c3-4464-ad4a-9997db80d0bf._msdcs.frizz.htb", "HOST/FRIZZDC/frizz", "HOST/frizzdc.frizz.htb/frizz", "HOST/FRIZZDC", "HOST/frizzdc.frizz.htb", "HOST/frizzdc.frizz.htb/frizz.htb", "E3514235-4B06-11D1-AB04-00C04FC2DCD2/b07fa65a-d4c3-4464-ad4a-9997db80d0bf/frizz.htb", "ldap/FRIZZDC/frizz", "ldap/b07fa65a-d4c3-4464-ad4a-9997db80d0bf._msdcs.frizz.htb", "ldap/frizzdc.frizz.htb/frizz", "ldap/FRIZZDC", "ldap/frizzdc.frizz.htb", "ldap/frizzdc.frizz.htb/frizz.htb"], "description": null, "operatingsystem": "Windows Server 2022 Datacenter", "sidhistory": []}, "RemoteDesktopUsers": {"Collected": true, "FailureReason": null, "Results": []}, "DcomUsers": {"Collected": true, "FailureReason": null, "Results": []}, "AllowedToDelegate": [], "Sessions": {"Collected": true, "FailureReason": null, "Results": []}, "PrivilegedSessions": {"Collected": false, "FailureReason": null, "Results": []}, "RegistrySessions": {"Collected": false, "FailureReason": null, "Results": []}, "Aces": [{"RightName": "Owns", "IsInherited": false, "PrincipalSID": "S-1-5-21-2386970044-1145388522-2932701813-512", "PrincipalType": "Group"}, {"RightName": "GenericAll", "IsInherited": false, "PrincipalSID": "S-1-5-21-2386970044-1145388522-2932701813-512", "PrincipalType": "Group"}, {"RightName": "AddKeyCredentialLink", "IsInherited": true, "PrincipalSID": "S-1-5-21-2386970044-1145388522-2932701813-526", "PrincipalType": "Group"}, {"RightName": "AddKeyCredentialLink", "IsInherited": true, "PrincipalSID": "S-1-5-21-2386970044-1145388522-2932701813-527", "PrincipalType": "Group"}, {"RightName": "GenericAll", "IsInherited": true, "PrincipalSID": "S-1-5-21-2386970044-1145388522-2932701813-519", "PrincipalType": "Group"}, {"RightName": "GenericWrite", "IsInherited": true, "PrincipalSID": "FRIZZ.HTB-S-1-5-32-544", "PrincipalType": "Group"}, {"RightName": "WriteOwner", "IsInherited": true, "PrincipalSID": "FRIZZ.HTB-S-1-5-32-544", "PrincipalType": "Group"}, {"RightName": "WriteDacl", "IsInherited": true, "PrincipalSID": "FRIZZ.HTB-S-1-5-32-544", "PrincipalType": "Group"}], "HasSIDHistory": [], "IsDeleted": false, "Status": null, "IsACLProtected": false}],"meta":{"methods":0,"type":"computers","count":1, "version":5}}