{"data": [{"ObjectIdentifier": "S-1-5-21-2386970044-1145388522-2932701813", "Properties": {"name": "FRIZZ.HTB", "domain": "FRIZZ.HTB", "domainsid": "S-1-5-21-2386970044-1145388522-2932701813", "distinguishedname": "DC=FRIZZ,DC=HTB", "description": "", "functionallevel": "2016", "highvalue": true, "whencreated": 1730211560}, "Trusts": [], "Aces": [{"RightName": "Owns", "IsInherited": false, "PrincipalSID": "FRIZZ.HTB-S-1-5-32-544", "PrincipalType": "Group"}, {"RightName": "GetChanges", "IsInherited": false, "PrincipalSID": "S-1-5-21-2386970044-1145388522-2932701813-498", "PrincipalType": "Group"}, {"RightName": "GetChangesAll", "IsInherited": false, "PrincipalSID": "S-1-5-21-2386970044-1145388522-2932701813-516", "PrincipalType": "Group"}, {"RightName": "GetChangesInFilteredSet", "IsInherited": false, "PrincipalSID": "FRIZZ.HTB-S-1-5-32-544", "PrincipalType": "Group"}, {"RightName": "GetChanges", "IsInherited": false, "PrincipalSID": "FRIZZ.HTB-S-1-5-32-544", "PrincipalType": "Group"}, {"RightName": "GetChangesAll", "IsInherited": false, "PrincipalSID": "FRIZZ.HTB-S-1-5-32-544", "PrincipalType": "Group"}, {"RightName": "GetChangesInFilteredSet", "IsInherited": false, "PrincipalSID": "FRIZZ.HTB-S-1-5-9", "PrincipalType": "Group"}, {"RightName": "GetChanges", "IsInherited": false, "PrincipalSID": "FRIZZ.HTB-S-1-5-9", "PrincipalType": "Group"}, {"RightName": "WriteOwner", "IsInherited": false, "PrincipalSID": "S-1-5-21-2386970044-1145388522-2932701813-512", "PrincipalType": "Group"}, {"RightName": "AllExtendedRights", "IsInherited": false, "PrincipalSID": "S-1-5-21-2386970044-1145388522-2932701813-512", "PrincipalType": "Group"}, {"RightName": "WriteDacl", "IsInherited": false, "PrincipalSID": "S-1-5-21-2386970044-1145388522-2932701813-512", "PrincipalType": "Group"}, {"RightName": "GenericAll", "IsInherited": false, "PrincipalSID": "S-1-5-21-2386970044-1145388522-2932701813-519", "PrincipalType": "Group"}, {"RightName": "WriteOwner", "IsInherited": false, "PrincipalSID": "FRIZZ.HTB-S-1-5-32-544", "PrincipalType": "Group"}, {"RightName": "AllExtendedRights", "IsInherited": false, "PrincipalSID": "FRIZZ.HTB-S-1-5-32-544", "PrincipalType": "Group"}, {"RightName": "WriteDacl", "IsInherited": false, "PrincipalSID": "FRIZZ.HTB-S-1-5-32-544", "PrincipalType": "Group"}], "Links": [{"IsEnforced": false, "GUID": "6ACCD7CA-C2A9-4212-8DDE-2ED58DF7610B"}], "ChildObjects": [{"ObjectIdentifier": "20B39BA0-1ED9-4809-AB5D-FB0E767BE8EE", "ObjectType": "Container"}, {"ObjectIdentifier": "8B15828F-B5B8-448E-89E9-AD57D8143DD2", "ObjectType": "Container"}, {"ObjectIdentifier": "6C5DFF88-2065-495D-8244-EEB5279748F0", "ObjectType": "Container"}, {"ObjectIdentifier": "B6AA26D6-58BD-45CB-9DC4-982C468A61D7", "ObjectType": "OU"}, {"ObjectIdentifier": "8E651A11-4A23-45B0-A51D-CC033E66A91C", "ObjectType": "Container"}, {"ObjectIdentifier": "7B6C87C2-4966-4024-ABEE-3C45DAD1871A", "ObjectType": "OU"}], "GPOChanges": {"AffectedComputers": [], "DcomUsers": [], "LocalAdmins": [], "PSRemoteUsers": [], "RemoteDesktopUsers": []}, "IsDeleted": false, "IsACLProtected": false}], "meta": {"type": "domains", "count": 1, "version": 5}}