{"data":[{"ObjectIdentifier": "20A574ED-6AA8-40B0-9694-03F0D8AC70A3", "Properties": {"domain": "FRIZZ.HTB", "name": "WMIGPO@FRIZZ.HTB", "distinguishedname": "CN=WMIGPO,CN=WMIPOLICY,CN=SYSTEM,DC=FRIZZ,DC=HTB", "domainsid": "S-1-5-21-2386970044-1145388522-2932701813", "highvalue": false, "description": "", "whencreated": 1730211564}, "IsDeleted": false, "IsACLProtected": false, "Aces": [{"RightName": "Owns", "IsInherited": false, "PrincipalSID": "S-1-5-21-2386970044-1145388522-2932701813-512", "PrincipalType": "Group"}, {"RightName": "WriteOwner", "IsInherited": false, "PrincipalSID": "S-1-5-21-2386970044-1145388522-2932701813-512", "PrincipalType": "Group"}, {"RightName": "WriteDacl", "IsInherited": false, "PrincipalSID": "S-1-5-21-2386970044-1145388522-2932701813-512", "PrincipalType": "Group"}, {"RightName": "GenericAll", "IsInherited": true, "PrincipalSID": "S-1-5-21-2386970044-1145388522-2932701813-519", "PrincipalType": "Group"}, {"RightName": "GenericAll", "IsInherited": true, "PrincipalSID": "S-1-5-21-2386970044-1145388522-2932701813-512", "PrincipalType": "Group"}], "ChildObjects": []},{"ObjectIdentifier": "C0A3E5F4-62CF-41CC-B3CE-A5B64BB92F9D", "Properties": {"domain": "FRIZZ.HTB", "name": "POLICYTYPE@FRIZZ.HTB", "distinguishedname": "CN=POLICYTYPE,CN=WMIPOLICY,CN=SYSTEM,DC=FRIZZ,DC=HTB", "domainsid": "S-1-5-21-2386970044-1145388522-2932701813", "highvalue": false, "description": "", "whencreated": 1730211564}, "IsDeleted": false, "IsACLProtected": false, "Aces": [{"RightName": "Owns", "IsInherited": false, "PrincipalSID": "S-1-5-21-2386970044-1145388522-2932701813-512", "PrincipalType": "Group"}, {"RightName": "WriteOwner", "IsInherited": false, "PrincipalSID": "S-1-5-21-2386970044-1145388522-2932701813-512", "PrincipalType": "Group"}, {"RightName": "WriteDacl", "IsInherited": false, "PrincipalSID": "S-1-5-21-2386970044-1145388522-2932701813-512", "PrincipalType": "Group"}, {"RightName": "GenericAll", "IsInherited": true, "PrincipalSID": "S-1-5-21-2386970044-1145388522-2932701813-519", "PrincipalType": "Group"}, {"RightName": "GenericAll", "IsInherited": true, "PrincipalSID": "S-1-5-21-2386970044-1145388522-2932701813-512", "PrincipalType": "Group"}], "ChildObjects": []},{"ObjectIdentifier": "71DB3A14-B332-4E8B-9CA6-96362A6CB333", "Properties": {"domain": "FRIZZ.HTB", "name": "SOM@FRIZZ.HTB", "distinguishedname": "CN=SOM,CN=WMIPOLICY,CN=SYSTEM,DC=FRIZZ,DC=HTB", "domainsid": "S-1-5-21-2386970044-1145388522-2932701813", "highvalue": false, "description": "", "whencreated": 1730211564}, "IsDeleted": false, "IsACLProtected": true, "Aces": [{"RightName": "Owns", "IsInherited": false, "PrincipalSID": "S-1-5-21-2386970044-1145388522-2932701813-512", "PrincipalType": "Group"}, {"RightName": "GenericAll", "IsInherited": false, "PrincipalSID": "S-1-5-21-2386970044-1145388522-2932701813-512", "PrincipalType": "Group"}, {"RightName": "GenericAll", "IsInherited": false, "PrincipalSID": "S-1-5-21-2386970044-1145388522-2932701813-519", "PrincipalType": "Group"}], "ChildObjects": []},{"ObjectIdentifier": "8EF8EAE4-F2A8-4A7B-8DEF-37DDDF174411", "Properties": {"domain": "FRIZZ.HTB", "name": "POLICYTEMPLATE@FRIZZ.HTB", "distinguishedname": "CN=POLICYTEMPLATE,CN=WMIPOLICY,CN=SYSTEM,DC=FRIZZ,DC=HTB", "domainsid": "S-1-5-21-2386970044-1145388522-2932701813", "highvalue": false, "description": "", "whencreated": 1730211564}, "IsDeleted": false, "IsACLProtected": false, "Aces": [{"RightName": "Owns", "IsInherited": false, "PrincipalSID": "S-1-5-21-2386970044-1145388522-2932701813-512", "PrincipalType": "Group"}, {"RightName": "WriteOwner", "IsInherited": false, "PrincipalSID": "S-1-5-21-2386970044-1145388522-2932701813-512", "PrincipalType": "Group"}, {"RightName": "WriteDacl", "IsInherited": false, "PrincipalSID": "S-1-5-21-2386970044-1145388522-2932701813-512", "PrincipalType": "Group"}, {"RightName": "GenericAll", "IsInherited": true, "PrincipalSID": "S-1-5-21-2386970044-1145388522-2932701813-519", "PrincipalType": "Group"}, {"RightName": "GenericAll", "IsInherited": true, "PrincipalSID": "S-1-5-21-2386970044-1145388522-2932701813-512", "PrincipalType": "Group"}], "ChildObjects": []},{"ObjectIdentifier": "93E20BEC-2DEF-4224-BAD9-07E2D2A9F06C", "Properties": {"domain": "FRIZZ.HTB", "name": "WMIPOLICY@FRIZZ.HTB", "distinguishedname": "CN=WMIPOLICY,CN=SYSTEM,DC=FRIZZ,DC=HTB", "domainsid": "S-1-5-21-2386970044-1145388522-2932701813", "highvalue": false, "description": "", "whencreated": 1730211564}, "IsDeleted": false, "IsACLProtected": true, "Aces": [{"RightName": "Owns", "IsInherited": false, "PrincipalSID": "S-1-5-21-2386970044-1145388522-2932701813-512", "PrincipalType": "Group"}, {"RightName": "GenericAll", "IsInherited": false, "PrincipalSID": "S-1-5-21-2386970044-1145388522-2932701813-519", "PrincipalType": "Group"}, {"RightName": "GenericAll", "IsInherited": false, "PrincipalSID": "S-1-5-21-2386970044-1145388522-2932701813-512", "PrincipalType": "Group"}], "ChildObjects": []},{"ObjectIdentifier": "3C0C3D3C-4945-4B7B-819B-1860C6E92FE9", "Properties": {"domain": "FRIZZ.HTB", "name": "COMPARTITIONSETS@FRIZZ.HTB", "distinguishedname": "CN=COMPARTITIONSETS,CN=SYSTEM,DC=FRIZZ,DC=HTB", "domainsid": "S-1-5-21-2386970044-1145388522-2932701813", "highvalue": false, "description": "", "whencreated": 1730211564}, "IsDeleted": false, "IsACLProtected": false, "Aces": [{"RightName": "Owns", "IsInherited": false, "PrincipalSID": "S-1-5-21-2386970044-1145388522-2932701813-512", "PrincipalType": "Group"}, {"RightName": "WriteOwner", "IsInherited": false, "PrincipalSID": "S-1-5-21-2386970044-1145388522-2932701813-512", "PrincipalType": "Group"}, {"RightName": "WriteDacl", "IsInherited": false, "PrincipalSID": "S-1-5-21-2386970044-1145388522-2932701813-512", "PrincipalType": "Group"}, {"RightName": "GenericAll", "IsInherited": true, "PrincipalSID": "S-1-5-21-2386970044-1145388522-2932701813-519", "PrincipalType": "Group"}, {"RightName": "WriteOwner", "IsInherited": true, "PrincipalSID": "FRIZZ.HTB-S-1-5-32-544", "PrincipalType": "Group"}, {"RightName": "WriteDacl", "IsInherited": true, "PrincipalSID": "FRIZZ.HTB-S-1-5-32-544", "PrincipalType": "Group"}], "ChildObjects": []},{"ObjectIdentifier": "7F59B2FE-81CB-4CB5-BED5-7691C1DA0B3A", "Properties": {"domain": "FRIZZ.HTB", "name": "COMPARTITIONS@FRIZZ.HTB", "distinguishedname": "CN=COMPARTITIONS,CN=SYSTEM,DC=FRIZZ,DC=HTB", "domainsid": "S-1-5-21-2386970044-1145388522-2932701813", "highvalue": false, "description": "", "whencreated": 1730211564}, "IsDeleted": false, "IsACLProtected": false, "Aces": [{"RightName": "Owns", "IsInherited": false, "PrincipalSID": "S-1-5-21-2386970044-1145388522-2932701813-512", "PrincipalType": "Group"}, {"RightName": "WriteOwner", "IsInherited": false, "PrincipalSID": "S-1-5-21-2386970044-1145388522-2932701813-512", "PrincipalType": "Group"}, {"RightName": "WriteDacl", "IsInherited": false, "PrincipalSID": "S-1-5-21-2386970044-1145388522-2932701813-512", "PrincipalType": "Group"}, {"RightName": "GenericAll", "IsInherited": true, "PrincipalSID": "S-1-5-21-2386970044-1145388522-2932701813-519", "PrincipalType": "Group"}, {"RightName": "WriteOwner", "IsInherited": true, "PrincipalSID": "FRIZZ.HTB-S-1-5-32-544", "PrincipalType": "Group"}, {"RightName": "WriteDacl", "IsInherited": true, "PrincipalSID": "FRIZZ.HTB-S-1-5-32-544", "PrincipalType": "Group"}], "ChildObjects": []},{"ObjectIdentifier": "C714AC59-7E8F-4404-9A9A-401F642D48C6", "Properties": {"domain": "FRIZZ.HTB", "name": "ADMINSDHOLDER@FRIZZ.HTB", "distinguishedname": "CN=ADMINSDHOLDER,CN=SYSTEM,DC=FRIZZ,DC=HTB", "domainsid": "S-1-5-21-2386970044-1145388522-2932701813", "highvalue": false, "description": "", "whencreated": 1730211564}, "IsDeleted": false, "IsACLProtected": true, "Aces": [{"RightName": "Owns", "IsInherited": false, "PrincipalSID": "S-1-5-21-2386970044-1145388522-2932701813-512", "PrincipalType": "Group"}, {"RightName": "WriteOwner", "IsInherited": false, "PrincipalSID": "S-1-5-21-2386970044-1145388522-2932701813-512", "PrincipalType": "Group"}, {"RightName": "WriteDacl", "IsInherited": false, "PrincipalSID": "S-1-5-21-2386970044-1145388522-2932701813-512", "PrincipalType": "Group"}, {"RightName": "WriteOwner", "IsInherited": false, "PrincipalSID": "S-1-5-21-2386970044-1145388522-2932701813-519", "PrincipalType": "Group"}, {"RightName": "WriteDacl", "IsInherited": false, "PrincipalSID": "S-1-5-21-2386970044-1145388522-2932701813-519", "PrincipalType": "Group"}, {"RightName": "WriteOwner", "IsInherited": false, "PrincipalSID": "FRIZZ.HTB-S-1-5-32-544", "PrincipalType": "Group"}, {"RightName": "WriteDacl", "IsInherited": false, "PrincipalSID": "FRIZZ.HTB-S-1-5-32-544", "PrincipalType": "Group"}], "ChildObjects": []},{"ObjectIdentifier": "01993B1E-2268-4AB1-8560-138E2CCEC36B", "Properties": {"domain": "FRIZZ.HTB", "name": "RAS AND IAS SERVERS ACCESS CHECK@FRIZZ.HTB", "distinguishedname": "CN=RAS AND IAS SERVERS ACCESS CHECK,CN=SYSTEM,DC=FRIZZ,DC=HTB", "domainsid": "S-1-5-21-2386970044-1145388522-2932701813", "highvalue": false, "description": "", "whencreated": 1730211564}, "IsDeleted": false, "IsACLProtected": false, "Aces": [{"RightName": "Owns", "IsInherited": false, "PrincipalSID": "S-1-5-21-2386970044-1145388522-2932701813-512", "PrincipalType": "Group"}, {"RightName": "WriteOwner", "IsInherited": false, "PrincipalSID": "S-1-5-21-2386970044-1145388522-2932701813-553", "PrincipalType": "Group"}, {"RightName": "WriteDacl", "IsInherited": false, "PrincipalSID": "S-1-5-21-2386970044-1145388522-2932701813-553", "PrincipalType": "Group"}, {"RightName": "GenericAll", "IsInherited": true, "PrincipalSID": "S-1-5-21-2386970044-1145388522-2932701813-519", "PrincipalType": "Group"}, {"RightName": "WriteOwner", "IsInherited": true, "PrincipalSID": "FRIZZ.HTB-S-1-5-32-544", "PrincipalType": "Group"}, {"RightName": "WriteDacl", "IsInherited": true, "PrincipalSID": "FRIZZ.HTB-S-1-5-32-544", "PrincipalType": "Group"}], "ChildObjects": []},{"ObjectIdentifier": "740B717F-98B1-4F59-8BD8-45946AFA3A06", "Properties": {"domain": "FRIZZ.HTB", "name": "POLICIES@FRIZZ.HTB", "distinguishedname": "CN=POLICIES,CN=SYSTEM,DC=FRIZZ,DC=HTB", "domainsid": "S-1-5-21-2386970044-1145388522-2932701813", "highvalue": false, "description": "", "whencreated": 1730211564}, "IsDeleted": false, "IsACLProtected": false, "Aces": [{"RightName": "Owns", "IsInherited": false, "PrincipalSID": "S-1-5-21-2386970044-1145388522-2932701813-512", "PrincipalType": "Group"}, {"RightName": "WriteOwner", "IsInherited": false, "PrincipalSID": "S-1-5-21-2386970044-1145388522-2932701813-512", "PrincipalType": "Group"}, {"RightName": "WriteDacl", "IsInherited": false, "PrincipalSID": "S-1-5-21-2386970044-1145388522-2932701813-512", "PrincipalType": "Group"}, {"RightName": "GenericAll", "IsInherited": true, "PrincipalSID": "S-1-5-21-2386970044-1145388522-2932701813-519", "PrincipalType": "Group"}, {"RightName": "WriteOwner", "IsInherited": true, "PrincipalSID": "FRIZZ.HTB-S-1-5-32-544", "PrincipalType": "Group"}, {"RightName": "WriteDacl", "IsInherited": true, "PrincipalSID": "FRIZZ.HTB-S-1-5-32-544", "PrincipalType": "Group"}], "ChildObjects": []},{"ObjectIdentifier": "8712B0DD-A83D-4B79-A011-FB5C6F60899F", "Properties": {"domain": "FRIZZ.HTB", "name": "MEETINGS@FRIZZ.HTB", "distinguishedname": "CN=MEETINGS,CN=SYSTEM,DC=FRIZZ,DC=HTB", "domainsid": "S-1-5-21-2386970044-1145388522-2932701813", "highvalue": false, "description": "", "whencreated": 1730211564}, "IsDeleted": false, "IsACLProtected": false, "Aces": [{"RightName": "Owns", "IsInherited": false, "PrincipalSID": "S-1-5-21-2386970044-1145388522-2932701813-512", "PrincipalType": "Group"}, {"RightName": "WriteOwner", "IsInherited": false, "PrincipalSID": "S-1-5-21-2386970044-1145388522-2932701813-512", "PrincipalType": "Group"}, {"RightName": "WriteDacl", "IsInherited": false, "PrincipalSID": "S-1-5-21-2386970044-1145388522-2932701813-512", "PrincipalType": "Group"}, {"RightName": "GenericAll", "IsInherited": true, "PrincipalSID": "S-1-5-21-2386970044-1145388522-2932701813-519", "PrincipalType": "Group"}, {"RightName": "WriteOwner", "IsInherited": true, "PrincipalSID": "FRIZZ.HTB-S-1-5-32-544", "PrincipalType": "Group"}, {"RightName": "WriteDacl", "IsInherited": true, "PrincipalSID": "FRIZZ.HTB-S-1-5-32-544", "PrincipalType": "Group"}], "ChildObjects": []},{"ObjectIdentifier": "FD46ED25-ED41-49C1-A556-74030FF595C6", "Properties": {"domain": "FRIZZ.HTB", "name": "WINSOCKSERVICES@FRIZZ.HTB", "distinguishedname": "CN=WINSOCKSERVICES,CN=SYSTEM,DC=FRIZZ,DC=HTB", "domainsid": "S-1-5-21-2386970044-1145388522-2932701813", "highvalue": false, "description": "", "whencreated": 1730211564}, "IsDeleted": false, "IsACLProtected": false, "Aces": [{"RightName": "Owns", "IsInherited": false, "PrincipalSID": "S-1-5-21-2386970044-1145388522-2932701813-512", "PrincipalType": "Group"}, {"RightName": "WriteOwner", "IsInherited": false, "PrincipalSID": "S-1-5-21-2386970044-1145388522-2932701813-512", "PrincipalType": "Group"}, {"RightName": "WriteDacl", "IsInherited": false, "PrincipalSID": "S-1-5-21-2386970044-1145388522-2932701813-512", "PrincipalType": "Group"}, {"RightName": "GenericAll", "IsInherited": true, "PrincipalSID": "S-1-5-21-2386970044-1145388522-2932701813-519", "PrincipalType": "Group"}, {"RightName": "WriteOwner", "IsInherited": true, "PrincipalSID": "FRIZZ.HTB-S-1-5-32-544", "PrincipalType": "Group"}, {"RightName": "WriteDacl", "IsInherited": true, "PrincipalSID": "FRIZZ.HTB-S-1-5-32-544", "PrincipalType": "Group"}], "ChildObjects": []},{"ObjectIdentifier": "8B15828F-B5B8-448E-89E9-AD57D8143DD2", "Properties": {"domain": "FRIZZ.HTB", "name": "MANAGED SERVICE ACCOUNTS@FRIZZ.HTB", "distinguishedname": "CN=MANAGED SERVICE ACCOUNTS,DC=FRIZZ,DC=HTB", "domainsid": "S-1-5-21-2386970044-1145388522-2932701813", "highvalue": false, "description": "Default container for managed service accounts", "whencreated": 1730211564}, "IsDeleted": false, "IsACLProtected": false, "Aces": [{"RightName": "Owns", "IsInherited": false, "PrincipalSID": "S-1-5-21-2386970044-1145388522-2932701813-512", "PrincipalType": "Group"}, {"RightName": "WriteOwner", "IsInherited": false, "PrincipalSID": "S-1-5-21-2386970044-1145388522-2932701813-512", "PrincipalType": "Group"}, {"RightName": "WriteDacl", "IsInherited": false, "PrincipalSID": "S-1-5-21-2386970044-1145388522-2932701813-512", "PrincipalType": "Group"}, {"RightName": "GenericAll", "IsInherited": true, "PrincipalSID": "S-1-5-21-2386970044-1145388522-2932701813-519", "PrincipalType": "Group"}, {"RightName": "WriteOwner", "IsInherited": true, "PrincipalSID": "FRIZZ.HTB-S-1-5-32-544", "PrincipalType": "Group"}, {"RightName": "WriteDacl", "IsInherited": true, "PrincipalSID": "FRIZZ.HTB-S-1-5-32-544", "PrincipalType": "Group"}], "ChildObjects": []},{"ObjectIdentifier": "40D8F4DC-1CF2-47F4-8FE6-9CB63B436E61", "Properties": {"domain": "FRIZZ.HTB", "name": "MICROSOFT@FRIZZ.HTB", "distinguishedname": "CN=MICROSOFT,CN=PROGRAM DATA,DC=FRIZZ,DC=HTB", "domainsid": "S-1-5-21-2386970044-1145388522-2932701813", "highvalue": false, "description": "Default location for storage of Microsoft application data.", "whencreated": 1730211564}, "IsDeleted": false, "IsACLProtected": false, "Aces": [{"RightName": "Owns", "IsInherited": false, "PrincipalSID": "S-1-5-21-2386970044-1145388522-2932701813-512", "PrincipalType": "Group"}, {"RightName": "GenericAll", "IsInherited": false, "PrincipalSID": "S-1-5-21-2386970044-1145388522-2932701813-512", "PrincipalType": "Group"}, {"RightName": "GenericAll", "IsInherited": true, "PrincipalSID": "S-1-5-21-2386970044-1145388522-2932701813-519", "PrincipalType": "Group"}, {"RightName": "WriteOwner", "IsInherited": true, "PrincipalSID": "FRIZZ.HTB-S-1-5-32-544", "PrincipalType": "Group"}, {"RightName": "WriteDacl", "IsInherited": true, "PrincipalSID": "FRIZZ.HTB-S-1-5-32-544", "PrincipalType": "Group"}], "ChildObjects": []},{"ObjectIdentifier": "BE83CE0C-EF1F-49A9-8C58-7DCC26E0BEA1", "Properties": {"domain": "FRIZZ.HTB", "name": "PROGRAM DATA@FRIZZ.HTB", "distinguishedname": "CN=PROGRAM DATA,DC=FRIZZ,DC=HTB", "domainsid": "S-1-5-21-2386970044-1145388522-2932701813", "highvalue": false, "description": "Default location for storage of application data.", "whencreated": 1730211564}, "IsDeleted": false, "IsACLProtected": false, "Aces": [{"RightName": "Owns", "IsInherited": false, "PrincipalSID": "S-1-5-21-2386970044-1145388522-2932701813-512", "PrincipalType": "Group"}, {"RightName": "GenericAll", "IsInherited": false, "PrincipalSID": "S-1-5-21-2386970044-1145388522-2932701813-512", "PrincipalType": "Group"}, {"RightName": "GenericAll", "IsInherited": true, "PrincipalSID": "S-1-5-21-2386970044-1145388522-2932701813-519", "PrincipalType": "Group"}, {"RightName": "WriteOwner", "IsInherited": true, "PrincipalSID": "FRIZZ.HTB-S-1-5-32-544", "PrincipalType": "Group"}, {"RightName": "WriteDacl", "IsInherited": true, "PrincipalSID": "FRIZZ.HTB-S-1-5-32-544", "PrincipalType": "Group"}], "ChildObjects": []},{"ObjectIdentifier": "6C5DFF88-2065-495D-8244-EEB5279748F0", "Properties": {"domain": "FRIZZ.HTB", "name": "FOREIGNSECURITYPRINCIPALS@FRIZZ.HTB", "distinguishedname": "CN=FOREIGNSECURITYPRINCIPALS,DC=FRIZZ,DC=HTB", "domainsid": "S-1-5-21-2386970044-1145388522-2932701813", "highvalue": false, "description": "Default container for security identifiers (SIDs) associated with objects from external, trusted domains", "whencreated": 1730211564}, "IsDeleted": false, "IsACLProtected": false, "Aces": [{"RightName": "Owns", "IsInherited": false, "PrincipalSID": "S-1-5-21-2386970044-1145388522-2932701813-512", "PrincipalType": "Group"}, {"RightName": "GenericAll", "IsInherited": false, "PrincipalSID": "S-1-5-21-2386970044-1145388522-2932701813-512", "PrincipalType": "Group"}, {"RightName": "GenericAll", "IsInherited": true, "PrincipalSID": "S-1-5-21-2386970044-1145388522-2932701813-519", "PrincipalType": "Group"}, {"RightName": "WriteOwner", "IsInherited": true, "PrincipalSID": "FRIZZ.HTB-S-1-5-32-544", "PrincipalType": "Group"}, {"RightName": "WriteDacl", "IsInherited": true, "PrincipalSID": "FRIZZ.HTB-S-1-5-32-544", "PrincipalType": "Group"}], "ChildObjects": []},{"ObjectIdentifier": "5FF9D96C-621D-4459-B24D-36BB3F29D63A", "Properties": {"domain": "FRIZZ.HTB", "name": "SYSTEM@FRIZZ.HTB", "distinguishedname": "CN=SYSTEM,DC=FRIZZ,DC=HTB", "domainsid": "S-1-5-21-2386970044-1145388522-2932701813", "highvalue": false, "description": "Builtin system settings", "whencreated": 1730211564}, "IsDeleted": false, "IsACLProtected": false, "Aces": [{"RightName": "Owns", "IsInherited": false, "PrincipalSID": "S-1-5-21-2386970044-1145388522-2932701813-512", "PrincipalType": "Group"}, {"RightName": "WriteOwner", "IsInherited": false, "PrincipalSID": "S-1-5-21-2386970044-1145388522-2932701813-512", "PrincipalType": "Group"}, {"RightName": "WriteDacl", "IsInherited": false, "PrincipalSID": "S-1-5-21-2386970044-1145388522-2932701813-512", "PrincipalType": "Group"}, {"RightName": "GenericAll", "IsInherited": true, "PrincipalSID": "S-1-5-21-2386970044-1145388522-2932701813-519", "PrincipalType": "Group"}, {"RightName": "WriteOwner", "IsInherited": true, "PrincipalSID": "FRIZZ.HTB-S-1-5-32-544", "PrincipalType": "Group"}, {"RightName": "WriteDacl", "IsInherited": true, "PrincipalSID": "FRIZZ.HTB-S-1-5-32-544", "PrincipalType": "Group"}], "ChildObjects": []},{"ObjectIdentifier": "8E651A11-4A23-45B0-A51D-CC033E66A91C", "Properties": {"domain": "FRIZZ.HTB", "name": "COMPUTERS@FRIZZ.HTB", "distinguishedname": "CN=COMPUTERS,DC=FRIZZ,DC=HTB", "domainsid": "S-1-5-21-2386970044-1145388522-2932701813", "highvalue": false, "description": "Default container for upgraded computer accounts", "whencreated": 1730211564}, "IsDeleted": false, "IsACLProtected": false, "Aces": [{"RightName": "Owns", "IsInherited": false, "PrincipalSID": "S-1-5-21-2386970044-1145388522-2932701813-512", "PrincipalType": "Group"}, {"RightName": "WriteOwner", "IsInherited": false, "PrincipalSID": "S-1-5-21-2386970044-1145388522-2932701813-512", "PrincipalType": "Group"}, {"RightName": "WriteDacl", "IsInherited": false, "PrincipalSID": "S-1-5-21-2386970044-1145388522-2932701813-512", "PrincipalType": "Group"}, {"RightName": "GenericAll", "IsInherited": true, "PrincipalSID": "S-1-5-21-2386970044-1145388522-2932701813-519", "PrincipalType": "Group"}, {"RightName": "WriteOwner", "IsInherited": true, "PrincipalSID": "FRIZZ.HTB-S-1-5-32-544", "PrincipalType": "Group"}, {"RightName": "WriteDacl", "IsInherited": true, "PrincipalSID": "FRIZZ.HTB-S-1-5-32-544", "PrincipalType": "Group"}], "ChildObjects": []},{"ObjectIdentifier": "20B39BA0-1ED9-4809-AB5D-FB0E767BE8EE", "Properties": {"domain": "FRIZZ.HTB", "name": "USERS@FRIZZ.HTB", "distinguishedname": "CN=USERS,DC=FRIZZ,DC=HTB", "domainsid": "S-1-5-21-2386970044-1145388522-2932701813", "highvalue": false, "description": "Default container for upgraded user accounts", "whencreated": 1730211564}, "IsDeleted": false, "IsACLProtected": false, "Aces": [{"RightName": "Owns", "IsInherited": false, "PrincipalSID": "S-1-5-21-2386970044-1145388522-2932701813-512", "PrincipalType": "Group"}, {"RightName": "WriteOwner", "IsInherited": false, "PrincipalSID": "S-1-5-21-2386970044-1145388522-2932701813-512", "PrincipalType": "Group"}, {"RightName": "WriteDacl", "IsInherited": false, "PrincipalSID": "S-1-5-21-2386970044-1145388522-2932701813-512", "PrincipalType": "Group"}, {"RightName": "GenericAll", "IsInherited": true, "PrincipalSID": "S-1-5-21-2386970044-1145388522-2932701813-519", "PrincipalType": "Group"}, {"RightName": "WriteOwner", "IsInherited": true, "PrincipalSID": "FRIZZ.HTB-S-1-5-32-544", "PrincipalType": "Group"}, {"RightName": "WriteDacl", "IsInherited": true, "PrincipalSID": "FRIZZ.HTB-S-1-5-32-544", "PrincipalType": "Group"}], "ChildObjects": [{"ObjectIdentifier": "S-1-5-21-2386970044-1145388522-2932701813-518", "ObjectType": "Group"}, {"ObjectIdentifier": "S-1-5-21-2386970044-1145388522-2932701813-521", "ObjectType": "Group"}, {"ObjectIdentifier": "S-1-5-21-2386970044-1145388522-2932701813-553", "ObjectType": "Group"}, {"ObjectIdentifier": "S-1-5-21-2386970044-1145388522-2932701813-525", "ObjectType": "Group"}, {"ObjectIdentifier": "S-1-5-21-2386970044-1145388522-2932701813-502", "ObjectType": "User"}, {"ObjectIdentifier": "S-1-5-21-2386970044-1145388522-2932701813-526", "ObjectType": "Group"}, {"ObjectIdentifier": "S-1-5-21-2386970044-1145388522-2932701813-501", "ObjectType": "User"}, {"ObjectIdentifier": "S-1-5-21-2386970044-1145388522-2932701813-520", "ObjectType": "Group"}, {"ObjectIdentifier": "S-1-5-21-2386970044-1145388522-2932701813-498", "ObjectType": "Group"}, {"ObjectIdentifier": "S-1-5-21-2386970044-1145388522-2932701813-527", "ObjectType": "Group"}, {"ObjectIdentifier": "S-1-5-21-2386970044-1145388522-2932701813-519", "ObjectType": "Group"}, {"ObjectIdentifier": "S-1-5-21-2386970044-1145388522-2932701813-513", "ObjectType": "Group"}, {"ObjectIdentifier": "S-1-5-21-2386970044-1145388522-2932701813-514", "ObjectType": "Group"}, {"ObjectIdentifier": "S-1-5-21-2386970044-1145388522-2932701813-516", "ObjectType": "Group"}, {"ObjectIdentifier": "S-1-5-21-2386970044-1145388522-2932701813-515", "ObjectType": "Group"}, {"ObjectIdentifier": "S-1-5-21-2386970044-1145388522-2932701813-512", "ObjectType": "Group"}, {"ObjectIdentifier": "S-1-5-21-2386970044-1145388522-2932701813-1102", "ObjectType": "Group"}, {"ObjectIdentifier": "S-1-5-21-2386970044-1145388522-2932701813-1101", "ObjectType": "Group"}, {"ObjectIdentifier": "S-1-5-21-2386970044-1145388522-2932701813-1121", "ObjectType": "Group"}, {"ObjectIdentifier": "S-1-5-21-2386970044-1145388522-2932701813-572", "ObjectType": "Group"}, {"ObjectIdentifier": "S-1-5-21-2386970044-1145388522-2932701813-522", "ObjectType": "Group"}, {"ObjectIdentifier": "S-1-5-21-2386970044-1145388522-2932701813-517", "ObjectType": "Group"}, {"ObjectIdentifier": "S-1-5-21-2386970044-1145388522-2932701813-571", "ObjectType": "Group"}, {"ObjectIdentifier": "S-1-5-21-2386970044-1145388522-2932701813-500", "ObjectType": "User"}]}],"meta":{"methods":0,"type":"containers","count":19, "version":5}}