{"data":[{"ObjectIdentifier": "7B6C87C2-4966-4024-ABEE-3C45DAD1871A", "Properties": {"domain": "FRIZZ.HTB", "name": "CLASS_FRIZZ@FRIZZ.HTB", "distinguishedname": "OU=CLASS_FRIZZ,DC=FRIZZ,DC=HTB", "domainsid": "S-1-5-21-2386970044-1145388522-2932701813", "highvalue": false, "blocksinheritance": false, "description": null, "whencreated": 1730212023}, "IsDeleted": false, "IsACLProtected": false, "Aces": [{"RightName": "Owns", "IsInherited": false, "PrincipalSID": "S-1-5-21-2386970044-1145388522-2932701813-512", "PrincipalType": "Group"}, {"RightName": "GenericAll", "IsInherited": false, "PrincipalSID": "S-1-5-21-2386970044-1145388522-2932701813-512", "PrincipalType": "Group"}, {"RightName": "WriteGPLink", "IsInherited": true, "PrincipalSID": "S-1-5-21-2386970044-1145388522-2932701813-1106", "PrincipalType": "User"}, {"RightName": "GenericAll", "IsInherited": true, "PrincipalSID": "S-1-5-21-2386970044-1145388522-2932701813-519", "PrincipalType": "Group"}, {"RightName": "GenericWrite", "IsInherited": true, "PrincipalSID": "FRIZZ.HTB-S-1-5-32-544", "PrincipalType": "Group"}, {"RightName": "WriteOwner", "IsInherited": true, "PrincipalSID": "FRIZZ.HTB-S-1-5-32-544", "PrincipalType": "Group"}, {"RightName": "WriteDacl", "IsInherited": true, "PrincipalSID": "FRIZZ.HTB-S-1-5-32-544", "PrincipalType": "Group"}], "Links": [], "ChildObjects": [{"ObjectIdentifier": "S-1-5-21-2386970044-1145388522-2932701813-1120", "ObjectType": "User"}, {"ObjectIdentifier": "S-1-5-21-2386970044-1145388522-2932701813-1104", "ObjectType": "User"}, {"ObjectIdentifier": "S-1-5-21-2386970044-1145388522-2932701813-1115", "ObjectType": "User"}, {"ObjectIdentifier": "S-1-5-21-2386970044-1145388522-2932701813-1110", "ObjectType": "User"}, {"ObjectIdentifier": "S-1-5-21-2386970044-1145388522-2932701813-1111", "ObjectType": "User"}, {"ObjectIdentifier": "S-1-5-21-2386970044-1145388522-2932701813-1114", "ObjectType": "User"}, {"ObjectIdentifier": "S-1-5-21-2386970044-1145388522-2932701813-1106", "ObjectType": "User"}, {"ObjectIdentifier": "S-1-5-21-2386970044-1145388522-2932701813-1119", "ObjectType": "User"}, {"ObjectIdentifier": "S-1-5-21-2386970044-1145388522-2932701813-1109", "ObjectType": "User"}, {"ObjectIdentifier": "S-1-5-21-2386970044-1145388522-2932701813-1108", "ObjectType": "User"}, {"ObjectIdentifier": "S-1-5-21-2386970044-1145388522-2932701813-1112", "ObjectType": "User"}, {"ObjectIdentifier": "S-1-5-21-2386970044-1145388522-2932701813-1105", "ObjectType": "User"}, {"ObjectIdentifier": "S-1-5-21-2386970044-1145388522-2932701813-1116", "ObjectType": "User"}, {"ObjectIdentifier": "S-1-5-21-2386970044-1145388522-2932701813-1103", "ObjectType": "User"}, {"ObjectIdentifier": "S-1-5-21-2386970044-1145388522-2932701813-1107", "ObjectType": "User"}, {"ObjectIdentifier": "S-1-5-21-2386970044-1145388522-2932701813-1117", "ObjectType": "User"}, {"ObjectIdentifier": "S-1-5-21-2386970044-1145388522-2932701813-1118", "ObjectType": "User"}, {"ObjectIdentifier": "S-1-5-21-2386970044-1145388522-2932701813-1113", "ObjectType": "User"}], "GPOChanges": {"AffectedComputers": [], "DcomUsers": [], "LocalAdmins": [], "PSRemoteUsers": [], "RemoteDesktopUsers": []}},{"ObjectIdentifier": "B6AA26D6-58BD-45CB-9DC4-982C468A61D7", "Properties": {"domain": "FRIZZ.HTB", "name": "DOMAIN CONTROLLERS@FRIZZ.HTB", "distinguishedname": "OU=DOMAIN CONTROLLERS,DC=FRIZZ,DC=HTB", "domainsid": "S-1-5-21-2386970044-1145388522-2932701813", "highvalue": false, "blocksinheritance": false, "description": "Default container for domain controllers", "whencreated": 1730211564}, "IsDeleted": false, "IsACLProtected": false, "Aces": [{"RightName": "Owns", "IsInherited": false, "PrincipalSID": "S-1-5-21-2386970044-1145388522-2932701813-512", "PrincipalType": "Group"}, {"RightName": "GenericWrite", "IsInherited": false, "PrincipalSID": "S-1-5-21-2386970044-1145388522-2932701813-512", "PrincipalType": "Group"}, {"RightName": "WriteOwner", "IsInherited": false, "PrincipalSID": "S-1-5-21-2386970044-1145388522-2932701813-512", "PrincipalType": "Group"}, {"RightName": "WriteDacl", "IsInherited": false, "PrincipalSID": "S-1-5-21-2386970044-1145388522-2932701813-512", "PrincipalType": "Group"}, {"RightName": "WriteGPLink", "IsInherited": true, "PrincipalSID": "S-1-5-21-2386970044-1145388522-2932701813-1106", "PrincipalType": "User"}, {"RightName": "GenericAll", "IsInherited": true, "PrincipalSID": "S-1-5-21-2386970044-1145388522-2932701813-519", "PrincipalType": "Group"}, {"RightName": "GenericWrite", "IsInherited": true, "PrincipalSID": "FRIZZ.HTB-S-1-5-32-544", "PrincipalType": "Group"}, {"RightName": "WriteOwner", "IsInherited": true, "PrincipalSID": "FRIZZ.HTB-S-1-5-32-544", "PrincipalType": "Group"}, {"RightName": "WriteDacl", "IsInherited": true, "PrincipalSID": "FRIZZ.HTB-S-1-5-32-544", "PrincipalType": "Group"}], "Links": [{"IsEnforced": false, "GUID": "52D5447F-69B2-4879-A7EF-096FBA7E75DA"}], "ChildObjects": [{"ObjectIdentifier": "S-1-5-21-2386970044-1145388522-2932701813-1000", "ObjectType": "Computer"}], "GPOChanges": {"AffectedComputers": [], "DcomUsers": [], "LocalAdmins": [], "PSRemoteUsers": [], "RemoteDesktopUsers": []}}],"meta":{"methods":0,"type":"ous","count":2, "version":5}}