{"data":[{"ObjectIdentifier": "52D5447F-69B2-4879-A7EF-096FBA7E75DA", "Properties": {"domain": "FRIZZ.HTB", "name": "DEFAULT DOMAIN CONTROLLERS POLICY@FRIZZ.HTB", "distinguishedname": "CN={6AC1786C-016F-11D2-945F-00C04FB984F9},CN=POLICIES,CN=SYSTEM,DC=FRIZZ,DC=HTB", "domainsid": "S-1-5-21-2386970044-1145388522-2932701813", "highvalue": false, "gpcpath": "\\\\FRIZZ.HTB\\SYSVOL\\FRIZZ.HTB\\POLICIES\\{6AC1786C-016F-11D2-945F-00C04FB984F9}", "description": "", "whencreated": 1730211564}, "IsDeleted": false, "IsACLProtected": true, "Aces": [{"RightName": "Owns", "IsInherited": false, "PrincipalSID": "S-1-5-21-2386970044-1145388522-2932701813-512", "PrincipalType": "Group"}, {"RightName": "GenericWrite", "IsInherited": false, "PrincipalSID": "S-1-5-21-2386970044-1145388522-2932701813-512", "PrincipalType": "Group"}, {"RightName": "WriteOwner", "IsInherited": false, "PrincipalSID": "S-1-5-21-2386970044-1145388522-2932701813-512", "PrincipalType": "Group"}, {"RightName": "WriteDacl", "IsInherited": false, "PrincipalSID": "S-1-5-21-2386970044-1145388522-2932701813-512", "PrincipalType": "Group"}, {"RightName": "GenericWrite", "IsInherited": false, "PrincipalSID": "S-1-5-21-2386970044-1145388522-2932701813-519", "PrincipalType": "Group"}, {"RightName": "WriteOwner", "IsInherited": false, "PrincipalSID": "S-1-5-21-2386970044-1145388522-2932701813-519", "PrincipalType": "Group"}, {"RightName": "WriteDacl", "IsInherited": false, "PrincipalSID": "S-1-5-21-2386970044-1145388522-2932701813-519", "PrincipalType": "Group"}, {"RightName": "GenericWrite", "IsInherited": false, "PrincipalSID": "S-1-5-21-2386970044-1145388522-2932701813-512", "PrincipalType": "Group"}, {"RightName": "WriteOwner", "IsInherited": false, "PrincipalSID": "S-1-5-21-2386970044-1145388522-2932701813-512", "PrincipalType": "Group"}, {"RightName": "WriteDacl", "IsInherited": false, "PrincipalSID": "S-1-5-21-2386970044-1145388522-2932701813-512", "PrincipalType": "Group"}]},{"ObjectIdentifier": "6ACCD7CA-C2A9-4212-8DDE-2ED58DF7610B", "Properties": {"domain": "FRIZZ.HTB", "name": "DEFAULT DOMAIN POLICY@FRIZZ.HTB", "distinguishedname": "CN={31B2F340-016D-11D2-945F-00C04FB984F9},CN=POLICIES,CN=SYSTEM,DC=FRIZZ,DC=HTB", "domainsid": "S-1-5-21-2386970044-1145388522-2932701813", "highvalue": false, "gpcpath": "\\\\FRIZZ.HTB\\SYSVOL\\FRIZZ.HTB\\POLICIES\\{31B2F340-016D-11D2-945F-00C04FB984F9}", "description": "", "whencreated": 1730211564}, "IsDeleted": false, "IsACLProtected": true, "Aces": [{"RightName": "Owns", "IsInherited": false, "PrincipalSID": "S-1-5-21-2386970044-1145388522-2932701813-512", "PrincipalType": "Group"}, {"RightName": "GenericWrite", "IsInherited": false, "PrincipalSID": "S-1-5-21-2386970044-1145388522-2932701813-512", "PrincipalType": "Group"}, {"RightName": "WriteOwner", "IsInherited": false, "PrincipalSID": "S-1-5-21-2386970044-1145388522-2932701813-512", "PrincipalType": "Group"}, {"RightName": "WriteDacl", "IsInherited": false, "PrincipalSID": "S-1-5-21-2386970044-1145388522-2932701813-512", "PrincipalType": "Group"}, {"RightName": "GenericWrite", "IsInherited": false, "PrincipalSID": "S-1-5-21-2386970044-1145388522-2932701813-519", "PrincipalType": "Group"}, {"RightName": "WriteOwner", "IsInherited": false, "PrincipalSID": "S-1-5-21-2386970044-1145388522-2932701813-519", "PrincipalType": "Group"}, {"RightName": "WriteDacl", "IsInherited": false, "PrincipalSID": "S-1-5-21-2386970044-1145388522-2932701813-519", "PrincipalType": "Group"}, {"RightName": "GenericWrite", "IsInherited": false, "PrincipalSID": "S-1-5-21-2386970044-1145388522-2932701813-512", "PrincipalType": "Group"}, {"RightName": "WriteOwner", "IsInherited": false, "PrincipalSID": "S-1-5-21-2386970044-1145388522-2932701813-512", "PrincipalType": "Group"}, {"RightName": "WriteDacl", "IsInherited": false, "PrincipalSID": "S-1-5-21-2386970044-1145388522-2932701813-512", "PrincipalType": "Group"}]}],"meta":{"methods":0,"type":"gpos","count":2, "version":5}}